資料代碼,區域代碼,區域別,鄰里別,20210514,20210515,20210516,20210517,20210518,20210519,20210520,20210521,20210522,20210523,20210524,20210525,20210526,20210527,20210528,20210529,20210530
0,63000030037,大安區,群英里,7828.817069,7828.817069,7828.817069,7828.817069,7828.817069,7828.817069,7828.817069,7828.817069,7828.817069,7828.817069,7828.817069,7828.817069,7828.817069,7828.817069,15657.63414,15657.63414,15657.63414
1,63000030038,大安區,虎嘯里,4024.710298,4024.710298,4024.710298,4024.710298,4024.710298,4024.710298,4024.710298,4024.710298,4024.710298,4024.710298,4024.710298,4024.710298,4024.710298,4024.710298,8049.420601,8049.420601,8049.420601
2,63000030039,大安區,臥龍里,2175.16336,2175.16336,2175.16336,2175.16336,2175.16336,2175.16336,2175.16336,2175.16336,2175.16336,2175.16336,2175.16336,2175.16336,2175.16336,2175.16336,4350.32672,4350.32672,4350.32672
3,63000030040,大安區,龍淵里,11206.54556,11206.54556,11206.54556,11206.54556,11206.54556,11206.54556,11206.54556,11206.54556,11206.54556,11206.54556,11206.54556,11206.54556,11206.54556,11206.54556,22413.09113,22413.09113,22413.09113
4,63000030041,大安區,龍門里,5242.186694,5242.186694,5242.186694,5242.186694,5242.186694,5242.186694,5242.186694,5242.186694,5242.186694,5242.186694,5242.186694,5242.186694,5242.186694,5242.186694,10484.37339,10484.37339,10484.37339
5,63000030043,大安區,大學里,11885.81752,11885.81752,11885.81752,11885.81752,11885.81752,11885.81752,11885.81752,11885.81752,11885.81752,11885.81752,11885.81752,11885.81752,11885.81752,11885.81752,23771.63504,23771.63504,23771.63504
6,63000030044,大安區,芳和里,5964.81588,5964.81588,5964.81588,5964.81588,5964.81588,5964.81588,5964.81588,5964.81588,5964.81588,5964.81588,5964.81588,5964.81588,5964.81588,5964.81588,11929.63176,11929.63176,11929.63176
7,63000030046,大安區,黎元里,5675.636083,5675.636083,5675.636083,5675.636083,5675.636083,5675.636083,5675.636083,5675.636083,5675.636083,5675.636083,5675.636083,5675.636083,5675.636083,5675.636083,11351.27216,11351.27216,11351.27216
8,63000030047,大安區,黎孝里,8433.178975,8433.178975,8433.178975,8433.178975,8433.178975,8433.178975,8433.178975,8433.178975,8433.178975,8433.178975,8433.178975,8433.178975,8433.178975,8433.178975,16866.35795,16866.35795,16866.35795
9,63000030048,大安區,黎和里,4600.066033,4600.066033,4600.066033,4600.066033,4600.066033,4600.066033,4600.066033,4600.066033,4600.066033,4600.066033,4600.066033,4600.066033,4600.066033,4600.066033,9200.132065,9200.132065,9200.132065
10,63000030049,大安區,建安里,5125.887641,5125.887641,5125.887641,5125.887641,5125.887641,5125.887641,5125.887641,5125.887641,5125.887641,5125.887641,5125.887641,5125.887641,5125.887641,5125.887641,10251.77528,10251.77528,10251.77528
11,63000030050,大安區,建倫里,6930.215785,6930.215785,6930.215785,6930.215785,6930.215785,6930.215785,6930.215785,6930.215785,6930.215785,6930.215785,6930.215785,6930.215785,6930.215785,6930.215785,13860.43156,13860.43156,13860.43156
12,63000030051,大安區,敦安里,7406.178326,7406.178326,7406.178326,7406.178326,7406.178326,7406.178326,7406.178326,7406.178326,7406.178326,7406.178326,7406.178326,7406.178326,7406.178326,7406.178326,14812.35665,14812.35665,14812.35665
13,63000030052,大安區,正聲里,5239.82069,5239.82069,5239.82069,5239.82069,5239.82069,5239.82069,5239.82069,5239.82069,5239.82069,5239.82069,5239.82069,5239.82069,5239.82069,5239.82069,10479.64139,10479.64139,10479.64139
14,63000030053,大安區,敦煌里,6915.552575,6915.552575,6915.552575,6915.552575,6915.552575,6915.552575,6915.552575,6915.552575,6915.552575,6915.552575,6915.552575,6915.552575,6915.552575,6915.552575,13831.10515,13831.10515,13831.10515
15,63000030054,大安區,華聲里,4514.198321,4514.198321,4514.198321,4514.198321,4514.198321,4514.198321,4514.198321,4514.198321,4514.198321,4514.198321,4514.198321,4514.198321,4514.198321,4514.198321,9028.396642,9028.396642,9028.396642
16,63000030055,大安區,車層里,6909.197535,6909.197535,6909.197535,6909.197535,6909.197535,6909.197535,6909.197535,6909.197535,6909.197535,6909.197535,6909.197535,6909.197535,6909.197535,6909.197535,13818.39506,13818.39506,13818.39506
17,63000030056,大安區,光信里,9382.11786,9382.11786,9382.11786,9382.11786,9382.11786,9382.11786,9382.11786,9382.11786,9382.11786,9382.11786,9382.11786,9382.11786,9382.11786,9382.11786,18764.23572,18764.23572,18764.23572
18,63000030057,大安區,學府里,2324.804686,2324.804686,2324.804686,2324.804686,2324.804686,2324.804686,2324.804686,2324.804686,2324.804686,2324.804686,2324.804686,2324.804686,2324.804686,2324.804686,4649.609371,4649.609371,4649.609371
19,63000040001,中山區,正守里,0,0,3257.894507,3257.894507,3257.894507,3257.894507,3257.894507,3257.894507,3257.894507,3257.894507,3257.894507,3257.894507,3257.894507,3257.894507,6515.789014,6515.789014,6515.789014
20,63000110034,士林區,蘭雅里,0,0,10085.59615,10085.59615,10085.59615,10085.59615,10085.59615,10085.59615,10085.59615,10085.59615,10085.59615,10085.59615,10085.59615,10085.59615,20171.1923,20171.1923,20171.1923
21,63000110035,士林區,蘭興里,0,0,7040.859562,7040.859562,7040.859562,7040.859562,7040.859562,7040.859562,7040.859562,7040.859562,7040.859562,7040.859562,7040.859562,7040.859562,14081.71912,14081.71912,14081.71912
22,63000110036,士林區,天福里,0,0,7289.386822,7289.386822,7289.386822,7289.386822,7289.386822,7289.386822,7289.386822,7289.386822,7289.386822,7289.386822,7289.386822,7289.386822,14578.77364,14578.77364,14578.77364
23,63000110037,士林區,天祿里,0,0,5586.298956,5586.298956,5586.298956,5586.298956,5586.298956,5586.298956,5586.298956,5586.298956,5586.298956,5586.298956,5586.298956,5586.298956,11172.59792,11172.59792,11172.59792
24,63000110038,士林區,天壽里,0,0,5429.952337,5429.952337,5429.952337,5429.952337,5429.952337,5429.952337,5429.952337,5429.952337,5429.952337,5429.952337,5429.952337,5429.952337,10859.90468,10859.90468,10859.90468
25,63000110039,士林區,天和里,0,0,8147.116212,8147.116212,8147.116212,8147.116212,8147.116212,8147.116212,8147.116212,8147.116212,8147.116212,8147.116212,8147.116212,8147.116212,16294.23242,16294.23242,16294.23242
26,63000110040,士林區,天山里,0,0,7840.677422,7840.677422,7840.677422,7840.677422,7840.677422,7840.677422,7840.677422,7840.677422,7840.677422,7840.677422,7840.677422,7840.677422,15681.35484,15681.35484,15681.35484
27,63000110041,士林區,天玉里,0,0,10251.26521,10251.26521,10251.26521,10251.26521,10251.26521,10251.26521,10251.26521,10251.26521,10251.26521,10251.26521,10251.26521,10251.26521,20502.53041,20502.53041,20502.53041
28,63000110042,士林區,天母里,0,0,8085.22826,8085.22826,8085.22826,8085.22826,8085.22826,8085.22826,8085.22826,8085.22826,8085.22826,8085.22826,8085.22826,8085.22826,16170.45653,16170.45653,16170.45653
29,63000110043,士林區,永福里,0,0,1203.037736,1203.037736,1203.037736,1203.037736,1203.037736,1203.037736,1203.037736,1203.037736,1203.037736,1203.037736,1203.037736,1203.037736,2406.075471,2406.075471,2406.075471
30,63000110044,士林區,公館里,0,0,1198.364542,1198.364542,1198.364542,1198.364542,1198.364542,1198.364542,1198.364542,1198.364542,1198.364542,1198.364542,1198.364542,1198.364542,2396.729084,2396.729084,2396.729084
31,63000070021,萬華區,新安里,5848.870763,5848.870763,11697.74153,11697.74153,11697.74153,11697.74153,11697.74153,11697.74153,17546.61229,17546.61229,17546.61229,17546.61229,17546.61229,17546.61229,17546.61229,17546.61229,17546.61229
31,63000110045,士林區,新安里,0,0,1590.508437,1590.508437,1590.508437,1590.508437,1590.508437,1590.508437,1590.508437,1590.508437,1590.508437,1590.508437,1590.508437,1590.508437,3181.016873,3181.016873,3181.016873
32,63000110046,士林區,陽明里,0,0,2950.841137,2950.841137,2950.841137,2950.841137,2950.841137,2950.841137,2950.841137,2950.841137,2950.841137,2950.841137,2950.841137,2950.841137,5901.682275,5901.682275,5901.682275
33,63000110047,士林區,菁山里,0,0,1182.095413,1182.095413,1182.095413,1182.095413,1182.095413,1182.095413,1182.095413,1182.095413,1182.095413,1182.095413,1182.095413,1182.095413,2364.190825,2364.190825,2364.190825
34,63000110048,士林區,平等里,0,0,1329.126118,1329.126118,1329.126118,1329.126118,1329.126118,1329.126118,1329.126118,1329.126118,1329.126118,1329.126118,1329.126118,1329.126118,2658.252235,2658.252235,2658.252235
35,63000110049,士林區,溪山里,0,0,1249.056867,1249.056867,1249.056867,1249.056867,1249.056867,1249.056867,1249.056867,1249.056867,1249.056867,1249.056867,1249.056867,1249.056867,2498.113735,2498.113735,2498.113735
36,63000110050,士林區,翠山里,0,0,2445.594466,2445.594466,2445.594466,2445.594466,2445.594466,2445.594466,2445.594466,2445.594466,2445.594466,2445.594466,2445.594466,2445.594466,4891.18893,4891.18893,4891.18893
37,63000110051,士林區,臨溪里,0,0,2942.576587,2942.576587,2942.576587,2942.576587,2942.576587,2942.576587,2942.576587,2942.576587,2942.576587,2942.576587,2942.576587,2942.576587,5885.153173,5885.153173,5885.153173
38,63000120001,北投區,建民里,4470.409135,4470.409135,4470.409135,4470.409135,4470.409135,4470.409135,4470.409135,4470.409135,4470.409135,4470.409135,4470.409135,4470.409135,4470.409135,4470.409135,4470.409135,4470.409135,8940.818265
39,63000120002,北投區,文林里,4760.775459,4760.775459,4760.775459,4760.775459,4760.775459,4760.775459,4760.775459,4760.775459,4760.775459,4760.775459,4760.775459,4760.775459,4760.775459,4760.775459,4760.775459,4760.775459,9521.550919
40,63000120003,北投區,石牌里,5775.20117,5775.20117,5775.20117,5775.20117,5775.20117,5775.20117,5775.20117,5775.20117,5775.20117,5775.20117,5775.20117,5775.20117,5775.20117,5775.20117,5775.20117,5775.20117,11550.40234
41,63000120004,北投區,福興里,8774.179022,8774.179022,8774.179022,8774.179022,8774.179022,8774.179022,8774.179022,8774.179022,8774.179022,8774.179022,8774.179022,8774.179022,8774.179022,8774.179022,8774.179022,8774.179022,17548.35804
42,63000120005,北投區,榮光里,8807.340488,8807.340488,8807.340488,8807.340488,8807.340488,8807.340488,8807.340488,8807.340488,8807.340488,8807.340488,8807.340488,8807.340488,8807.340488,8807.340488,8807.340488,8807.340488,17614.68098
43,63000120006,北投區,榮華里,8147.907501,8147.907501,8147.907501,8147.907501,8147.907501,8147.907501,8147.907501,8147.907501,8147.907501,8147.907501,8147.907501,8147.907501,8147.907501,8147.907501,8147.907501,8147.907501,16295.815
44,63000120007,北投區,裕民里,9391.798441,9391.798441,9391.798441,9391.798441,9391.798441,9391.798441,9391.798441,9391.798441,9391.798441,9391.798441,9391.798441,9391.798441,9391.798441,9391.798441,9391.798441,9391.798441,18783.59688
45,63000120008,北投區,振華里,8569.781875,8569.781875,8569.781875,8569.781875,8569.781875,8569.781875,8569.781875,8569.781875,8569.781875,8569.781875,8569.781875,8569.781875,8569.781875,8569.781875,8569.781875,8569.781875,17139.56375
46,63000010002,松山區,莊敬里,0,5344.897556,5344.897556,5344.897556,5344.897556,5344.897556,5344.897556,5344.897556,5344.897556,5344.897556,5344.897556,5344.897556,5344.897556,5344.897556,5344.897556,5344.897556,5344.897556
47,63000010003,松山區,東榮里,0,9116.455688,9116.455688,9116.455688,9116.455688,9116.455688,9116.455688,9116.455688,9116.455688,9116.455688,9116.455688,9116.455688,9116.455688,9116.455688,9116.455688,9116.455688,9116.455688
48,63000010004,松山區,三民里,0,7646.666132,7646.666132,7646.666132,7646.666132,7646.666132,7646.666132,7646.666132,7646.666132,7646.666132,7646.666132,7646.666132,7646.666132,7646.666132,7646.666132,7646.666132,7646.666132
49,63000010005,松山區,新益里,0,4780.101036,4780.101036,4780.101036,4780.101036,4780.101036,4780.101036,4780.101036,4780.101036,4780.101036,4780.101036,4780.101036,4780.101036,4780.101036,4780.101036,4780.101036,4780.101036
50,63000010006,松山區,富錦里,0,5855.310626,5855.310626,5855.310626,5855.310626,5855.310626,5855.310626,5855.310626,5855.310626,5855.310626,5855.310626,5855.310626,5855.310626,5855.310626,5855.310626,5855.310626,5855.310626
51,63000010007,松山區,新東里,0,5237.068197,5237.068197,5237.068197,5237.068197,5237.068197,5237.068197,5237.068197,5237.068197,5237.068197,5237.068197,5237.068197,5237.068197,5237.068197,5237.068197,5237.068197,5237.068197
52,63000010008,松山區,富泰里,0,5059.740233,5059.740233,5059.740233,5059.740233,5059.740233,5059.740233,5059.740233,5059.740233,5059.740233,5059.740233,5059.740233,5059.740233,5059.740233,5059.740233,5059.740233,5059.740233
53,63000010009,松山區,介壽里,0,4912.730363,4912.730363,4912.730363,4912.730363,4912.730363,4912.730363,4912.730363,4912.730363,4912.730363,4912.730363,4912.730363,4912.730363,4912.730363,4912.730363,4912.730363,4912.730363
54,63000010010,松山區,精忠里,0,4477.669652,4477.669652,4477.669652,4477.669652,4477.669652,4477.669652,4477.669652,4477.669652,4477.669652,4477.669652,4477.669652,4477.669652,4477.669652,4477.669652,4477.669652,4477.669652
55,63000010011,松山區,東光里,0,7997.295538,7997.295538,7997.295538,7997.295538,7997.295538,7997.295538,7997.295538,7997.295538,7997.295538,7997.295538,7997.295538,7997.295538,7997.295538,7997.295538,7997.295538,7997.295538
56,63000010012,松山區,龍田里,0,13100.6381,13100.6381,13100.6381,13100.6381,13100.6381,13100.6381,13100.6381,13100.6381,13100.6381,13100.6381,13100.6381,13100.6381,13100.6381,13100.6381,13100.6381,13100.6381
57,63000010013,松山區,東昌里,0,2784.641457,2784.641457,2784.641457,2784.641457,2784.641457,2784.641457,2784.641457,2784.641457,2784.641457,2784.641457,2784.641457,2784.641457,2784.641457,2784.641457,2784.641457,2784.641457
58,63000010014,松山區,東勢里,0,5197.090185,5197.090185,5197.090185,5197.090185,5197.090185,5197.090185,5197.090185,5197.090185,5197.090185,5197.090185,5197.090185,5197.090185,5197.090185,5197.090185,5197.090185,5197.090185
59,63000010015,松山區,中華里,0,7823.807259,7823.807259,7823.807259,7823.807259,7823.807259,7823.807259,7823.807259,7823.807259,7823.807259,7823.807259,7823.807259,7823.807259,7823.807259,7823.807259,7823.807259,7823.807259
60,63000010016,松山區,民有里,0,9900.606975,9900.606975,9900.606975,9900.606975,9900.606975,9900.606975,9900.606975,9900.606975,9900.606975,9900.606975,9900.606975,9900.606975,9900.606975,9900.606975,9900.606975,9900.606975
61,63000010017,松山區,民福里,0,6909.97821,6909.97821,6909.97821,6909.97821,6909.97821,6909.97821,6909.97821,6909.97821,6909.97821,6909.97821,6909.97821,6909.97821,6909.97821,6909.97821,6909.97821,6909.97821
62,63000010018,松山區,慈祐里,0,11352.15939,11352.15939,11352.15939,11352.15939,11352.15939,11352.15939,11352.15939,11352.15939,11352.15939,11352.15939,11352.15939,11352.15939,11352.15939,11352.15939,11352.15939,11352.15939
63,63000010019,松山區,安平里,0,9945.429341,9945.429341,9945.429341,9945.429341,9945.429341,9945.429341,9945.429341,9945.429341,9945.429341,9945.429341,9945.429341,9945.429341,9945.429341,9945.429341,9945.429341,9945.429341
64,63000010020,松山區,鵬程里,0,5569.72323,5569.72323,5569.72323,5569.72323,5569.72323,5569.72323,5569.72323,5569.72323,5569.72323,5569.72323,5569.72323,5569.72323,5569.72323,5569.72323,5569.72323,5569.72323
65,63000010021,松山區,自強里,0,10647.70116,10647.70116,10647.70116,10647.70116,10647.70116,10647.70116,10647.70116,10647.70116,10647.70116,10647.70116,10647.70116,10647.70116,10647.70116,10647.70116,10647.70116,10647.70116
66,63000010022,松山區,吉祥里,0,9971.913513,9971.913513,9971.913513,9971.913513,9971.913513,9971.913513,9971.913513,9971.913513,9971.913513,9971.913513,9971.913513,9971.913513,9971.913513,9971.913513,9971.913513,9971.913513
67,63000010024,松山區,新聚里,0,8590.328833,8590.328833,8590.328833,8590.328833,8590.328833,8590.328833,8590.328833,8590.328833,8590.328833,8590.328833,8590.328833,8590.328833,8590.328833,8590.328833,8590.328833,8590.328833
68,63000010025,松山區,復盛里,0,6801.338031,6801.338031,6801.338031,6801.338031,6801.338031,6801.338031,6801.338031,6801.338031,6801.338031,6801.338031,6801.338031,6801.338031,6801.338031,6801.338031,6801.338031,6801.338031
69,63000010026,松山區,中正里,0,11831.14278,11831.14278,11831.14278,11831.14278,11831.14278,11831.14278,11831.14278,11831.14278,11831.14278,11831.14278,11831.14278,11831.14278,11831.14278,11831.14278,11831.14278,11831.14278
70,63000010027,松山區,中崙里,0,4428.97115,4428.97115,4428.97115,4428.97115,4428.97115,4428.97115,4428.97115,4428.97115,4428.97115,4428.97115,4428.97115,4428.97115,4428.97115,4428.97115,4428.97115,4428.97115
71,63000010028,松山區,美仁里,0,3765.298407,3765.298407,3765.298407,3765.298407,3765.298407,3765.298407,3765.298407,3765.298407,3765.298407,3765.298407,3765.298407,3765.298407,3765.298407,3765.298407,3765.298407,3765.298407
72,63000010029,松山區,吉仁里,0,4708.583232,4708.583232,4708.583232,4708.583232,4708.583232,4708.583232,4708.583232,4708.583232,4708.583232,4708.583232,4708.583232,4708.583232,4708.583232,4708.583232,4708.583232,4708.583232
73,63000010030,松山區,敦化里,0,7718.369162,7718.369162,7718.369162,7718.369162,7718.369162,7718.369162,7718.369162,7718.369162,7718.369162,7718.369162,7718.369162,7718.369162,7718.369162,7718.369162,7718.369162,7718.369162
74,63000010031,松山區,復源里,0,3549.678705,3549.678705,3549.678705,3549.678705,3549.678705,3549.678705,3549.678705,3549.678705,3549.678705,3549.678705,3549.678705,3549.678705,3549.678705,3549.678705,3549.678705,3549.678705
75,63000010032,松山區,復建里,0,4928.624511,4928.624511,4928.624511,4928.624511,4928.624511,4928.624511,4928.624511,4928.624511,4928.624511,4928.624511,4928.624511,4928.624511,4928.624511,4928.624511,4928.624511,4928.624511
76,63000010033,松山區,復勢里,0,7300.717901,7300.717901,7300.717901,7300.717901,7300.717901,7300.717901,7300.717901,7300.717901,7300.717901,7300.717901,7300.717901,7300.717901,7300.717901,7300.717901,7300.717901,7300.717901
77,63000010034,松山區,福成里,0,2781.469915,2781.469915,2781.469915,2781.469915,2781.469915,2781.469915,2781.469915,2781.469915,2781.469915,2781.469915,2781.469915,2781.469915,2781.469915,2781.469915,2781.469915,2781.469915
78,63000010035,松山區,松基里,0,3599.822528,3599.822528,3599.822528,3599.822528,3599.822528,3599.822528,3599.822528,3599.822528,3599.822528,3599.822528,3599.822528,3599.822528,3599.822528,3599.822528,3599.822528,3599.822528
79,63000020001,信義區,西村里,0,6140.51129,6140.51129,6140.51129,6140.51129,6140.51129,6140.51129,6140.51129,6140.51129,6140.51129,6140.51129,6140.51129,12281.02258,12281.02258,12281.02258,12281.02258,12281.02258
80,63000020002,信義區,正和里,0,4860.149534,4860.149534,4860.149534,4860.149534,4860.149534,4860.149534,4860.149534,4860.149534,4860.149534,4860.149534,4860.149534,9720.299068,9720.299068,9720.299068,9720.299068,9720.299068
81,63000020003,信義區,興隆里,0,2677.572035,2677.572035,2677.572035,2677.572035,2677.572035,2677.572035,2677.572035,2677.572035,2677.572035,2677.572035,2677.572035,5355.14407,5355.14407,5355.14407,5355.14407,5355.14407
82,63000020004,信義區,中興里,0,3519.077564,3519.077564,3519.077564,3519.077564,3519.077564,3519.077564,3519.077564,3519.077564,3519.077564,3519.077564,3519.077564,7038.155128,7038.155128,7038.155128,7038.155128,7038.155128
83,63000020005,信義區,新仁里,0,3125.794471,3125.794471,3125.794471,3125.794471,3125.794471,3125.794471,3125.794471,3125.794471,3125.794471,3125.794471,3125.794471,6251.588941,6251.588941,6251.588941,6251.588941,6251.588941
84,63000020006,信義區,興雅里,0,6008.345897,6008.345897,6008.345897,6008.345897,6008.345897,6008.345897,6008.345897,6008.345897,6008.345897,6008.345897,6008.345897,12016.6918,12016.6918,12016.6918,12016.6918,12016.6918
85,63000020007,信義區,敦厚里,0,5719.398189,5719.398189,5719.398189,5719.398189,5719.398189,5719.398189,5719.398189,5719.398189,5719.398189,5719.398189,5719.398189,11438.79638,11438.79638,11438.79638,11438.79638,11438.79638
86,63000020008,信義區,廣居里,0,8533.883248,8533.883248,8533.883248,8533.883248,8533.883248,8533.883248,8533.883248,8533.883248,8533.883248,8533.883248,8533.883248,17067.76649,17067.76649,17067.76649,17067.76649,17067.76649
87,63000020009,信義區,安康里,0,12203.13247,12203.13247,12203.13247,12203.13247,12203.13247,12203.13247,12203.13247,12203.13247,12203.13247,12203.13247,12203.13247,24406.26493,24406.26493,24406.26493,24406.26493,24406.26493
88,63000020010,信義區,六藝里,0,3952.747142,3952.747142,3952.747142,3952.747142,3952.747142,3952.747142,3952.747142,3952.747142,3952.747142,3952.747142,3952.747142,7905.494285,7905.494285,7905.494285,7905.494285,7905.494285
89,63000020011,信義區,雅祥里,0,5485.51204,5485.51204,5485.51204,5485.51204,5485.51204,5485.51204,5485.51204,5485.51204,5485.51204,5485.51204,5485.51204,10971.02408,10971.02408,10971.02408,10971.02408,10971.02408
90,63000020012,信義區,五常里,0,3742.050355,3742.050355,3742.050355,3742.050355,3742.050355,3742.050355,3742.050355,3742.050355,3742.050355,3742.050355,3742.050355,7484.100714,7484.100714,7484.100714,7484.100714,7484.100714
91,63000020013,信義區,五全里,0,5086.574774,5086.574774,5086.574774,5086.574774,5086.574774,5086.574774,5086.574774,5086.574774,5086.574774,5086.574774,5086.574774,10173.14955,10173.14955,10173.14955,10173.14955,10173.14955
92,63000020014,信義區,永吉里,0,4066.53444,4066.53444,4066.53444,4066.53444,4066.53444,4066.53444,4066.53444,4066.53444,4066.53444,4066.53444,4066.53444,8133.06888,8133.06888,8133.06888,8133.06888,8133.06888
93,63000020015,信義區,長春里,0,4394.535045,4394.535045,4394.535045,4394.535045,4394.535045,4394.535045,4394.535045,4394.535045,4394.535045,4394.535045,4394.535045,8789.070095,8789.070095,8789.070095,8789.070095,8789.070095
94,63000020016,信義區,四育里,0,6092.001599,6092.001599,6092.001599,6092.001599,6092.001599,6092.001599,6092.001599,6092.001599,6092.001599,6092.001599,6092.001599,12184.0032,12184.0032,12184.0032,12184.0032,12184.0032
95,63000020017,信義區,四維里,0,5578.510758,5578.510758,5578.510758,5578.510758,5578.510758,5578.510758,5578.510758,5578.510758,5578.510758,5578.510758,5578.510758,11157.02151,11157.02151,11157.02151,11157.02151,11157.02151
96,63000020018,信義區,永春里,0,5240.318114,5240.318114,5240.318114,5240.318114,5240.318114,5240.318114,5240.318114,5240.318114,5240.318114,5240.318114,5240.318114,10480.63623,10480.63623,10480.63623,10480.63623,10480.63623
97,63000020019,信義區,富台里,0,4653.605097,4653.605097,4653.605097,4653.605097,4653.605097,4653.605097,4653.605097,4653.605097,4653.605097,4653.605097,4653.605097,9307.210195,9307.210195,9307.210195,9307.210195,9307.210195
98,63000020020,信義區,國業里,0,9283.738529,9283.738529,9283.738529,9283.738529,9283.738529,9283.738529,9283.738529,9283.738529,9283.738529,9283.738529,9283.738529,18567.47707,18567.47707,18567.47707,18567.47707,18567.47707
99,63000020021,信義區,松隆里,0,2202.622263,2202.622263,2202.622263,2202.622263,2202.622263,2202.622263,2202.622263,2202.622263,2202.622263,2202.622263,2202.622263,4405.244529,4405.244529,4405.244529,4405.244529,4405.244529
100,63000020022,信義區,松友里,0,7306.551704,7306.551704,7306.551704,7306.551704,7306.551704,7306.551704,7306.551704,7306.551704,7306.551704,7306.551704,7306.551704,14613.10341,14613.10341,14613.10341,14613.10341,14613.10341
101,63000020023,信義區,松光里,0,5087.708193,5087.708193,5087.708193,5087.708193,5087.708193,5087.708193,5087.708193,5087.708193,5087.708193,5087.708193,5087.708193,10175.41639,10175.41639,10175.41639,10175.41639,10175.41639
102,63000020024,信義區,中坡里,0,4564.808614,4564.808614,4564.808614,4564.808614,4564.808614,4564.808614,4564.808614,4564.808614,4564.808614,4564.808614,4564.808614,9129.617225,9129.617225,9129.617225,9129.617225,9129.617225
103,63000020025,信義區,中行里,0,8544.391141,8544.391141,8544.391141,8544.391141,8544.391141,8544.391141,8544.391141,8544.391141,8544.391141,8544.391141,8544.391141,17088.78227,17088.78227,17088.78227,17088.78227,17088.78227
104,63000020026,信義區,大道里,0,6371.257249,6371.257249,6371.257249,6371.257249,6371.257249,6371.257249,6371.257249,6371.257249,6371.257249,6371.257249,6371.257249,12742.5145,12742.5145,12742.5145,12742.5145,12742.5145
105,63000020027,信義區,大仁里,0,3974.462475,3974.462475,3974.462475,3974.462475,3974.462475,3974.462475,3974.462475,3974.462475,3974.462475,3974.462475,3974.462475,7948.924951,7948.924951,7948.924951,7948.924951,7948.924951
106,63000020028,信義區,景新里,0,5346.333636,5346.333636,5346.333636,5346.333636,5346.333636,5346.333636,5346.333636,5346.333636,5346.333636,5346.333636,5346.333636,10692.66727,10692.66727,10692.66727,10692.66727,10692.66727
107,63000020029,信義區,惠安里,0,7021.388939,7021.388939,7021.388939,7021.388939,7021.388939,7021.388939,7021.388939,7021.388939,7021.388939,7021.388939,7021.388939,14042.77789,14042.77789,14042.77789,14042.77789,14042.77789
108,63000020030,信義區,三張里,0,10188.09893,10188.09893,10188.09893,10188.09893,10188.09893,10188.09893,10188.09893,10188.09893,10188.09893,10188.09893,10188.09893,20376.19785,20376.19785,20376.19785,20376.19785,20376.19785
109,63000020031,信義區,三犁里,0,5592.395635,5592.395635,5592.395635,5592.395635,5592.395635,5592.395635,5592.395635,5592.395635,5592.395635,5592.395635,5592.395635,11184.79127,11184.79127,11184.79127,11184.79127,11184.79127
110,63000020032,信義區,六合里,0,7139.228801,7139.228801,7139.228801,7139.228801,7139.228801,7139.228801,7139.228801,7139.228801,7139.228801,7139.228801,7139.228801,14278.4576,14278.4576,14278.4576,14278.4576,14278.4576
111,63000020033,信義區,泰和里,0,8291.814908,8291.814908,8291.814908,8291.814908,8291.814908,8291.814908,8291.814908,8291.814908,8291.814908,8291.814908,8291.814908,16583.62982,16583.62982,16583.62982,16583.62982,16583.62982
112,63000020034,信義區,景聯里,0,5055.589918,5055.589918,5055.589918,5055.589918,5055.589918,5055.589918,5055.589918,5055.589918,5055.589918,5055.589918,5055.589918,10111.17983,10111.17983,10111.17983,10111.17983,10111.17983
113,63000020035,信義區,景勤里,0,3945.598322,3945.598322,3945.598322,3945.598322,3945.598322,3945.598322,3945.598322,3945.598322,3945.598322,3945.598322,3945.598322,7891.196645,7891.196645,7891.196645,7891.196645,7891.196645
114,63000020036,信義區,雙和里,0,7723.005257,7723.005257,7723.005257,7723.005257,7723.005257,7723.005257,7723.005257,7723.005257,7723.005257,7723.005257,7723.005257,15446.01051,15446.01051,15446.01051,15446.01051,15446.01051
115,63000020037,信義區,嘉興里,0,3212.799628,3212.799628,3212.799628,3212.799628,3212.799628,3212.799628,3212.799628,3212.799628,3212.799628,3212.799628,3212.799628,6425.599253,6425.599253,6425.599253,6425.599253,6425.599253
116,63000020038,信義區,黎順里,0,4090.141219,4090.141219,4090.141219,4090.141219,4090.141219,4090.141219,4090.141219,4090.141219,4090.141219,4090.141219,4090.141219,8180.282443,8180.282443,8180.282443,8180.282443,8180.282443
117,63000020039,信義區,黎平里,0,7707.327115,7707.327115,7707.327115,7707.327115,7707.327115,7707.327115,7707.327115,7707.327115,7707.327115,7707.327115,7707.327115,15414.65424,15414.65424,15414.65424,15414.65424,15414.65424
118,63000020040,信義區,黎忠里,0,5192.377869,5192.377869,5192.377869,5192.377869,5192.377869,5192.377869,5192.377869,5192.377869,5192.377869,5192.377869,5192.377869,10384.75574,10384.75574,10384.75574,10384.75574,10384.75574
119,63000020041,信義區,黎安里,0,1853.212767,1853.212767,1853.212767,1853.212767,1853.212767,1853.212767,1853.212767,1853.212767,1853.212767,1853.212767,1853.212767,3706.425534,3706.425534,3706.425534,3706.425534,3706.425534
120,63000030001,大安區,德安里,6670.811824,6670.811824,6670.811824,6670.811824,6670.811824,6670.811824,6670.811824,6670.811824,6670.811824,6670.811824,6670.811824,6670.811824,6670.811824,6670.811824,13341.62365,13341.62365,13341.62365
121,63000030002,大安區,仁慈里,6303.738339,6303.738339,6303.738339,6303.738339,6303.738339,6303.738339,6303.738339,6303.738339,6303.738339,6303.738339,6303.738339,6303.738339,6303.738339,6303.738339,12607.47667,12607.47667,12607.47667
122,63000030003,大安區,和安里,7667.043786,7667.043786,7667.043786,7667.043786,7667.043786,7667.043786,7667.043786,7667.043786,7667.043786,7667.043786,7667.043786,7667.043786,7667.043786,7667.043786,15334.08757,15334.08757,15334.08757
123,63000030004,大安區,民炤里,10504.17529,10504.17529,10504.17529,10504.17529,10504.17529,10504.17529,10504.17529,10504.17529,10504.17529,10504.17529,10504.17529,10504.17529,10504.17529,10504.17529,21008.35057,21008.35057,21008.35057
124,63000030005,大安區,仁愛里,5432.466149,5432.466149,5432.466149,5432.466149,5432.466149,5432.466149,5432.466149,5432.466149,5432.466149,5432.466149,5432.466149,5432.466149,5432.466149,5432.466149,10864.9323,10864.9323,10864.9323
125,63000030006,大安區,義村里,6043.422343,6043.422343,6043.422343,6043.422343,6043.422343,6043.422343,6043.422343,6043.422343,6043.422343,6043.422343,6043.422343,6043.422343,6043.422343,6043.422343,12086.84469,12086.84469,12086.84469
126,63000030007,大安區,民輝里,7788.057816,7788.057816,7788.057816,7788.057816,7788.057816,7788.057816,7788.057816,7788.057816,7788.057816,7788.057816,7788.057816,7788.057816,7788.057816,7788.057816,15576.11563,15576.11563,15576.11563
127,63000030008,大安區,昌隆里,3090.305582,3090.305582,3090.305582,3090.305582,3090.305582,3090.305582,3090.305582,3090.305582,3090.305582,3090.305582,3090.305582,3090.305582,3090.305582,3090.305582,6180.61116,6180.61116,6180.61116
128,63000030009,大安區,誠安里,4185.696878,4185.696878,4185.696878,4185.696878,4185.696878,4185.696878,4185.696878,4185.696878,4185.696878,4185.696878,4185.696878,4185.696878,4185.696878,4185.696878,8371.393756,8371.393756,8371.393756
129,63000030010,大安區,光武里,8439.904175,8439.904175,8439.904175,8439.904175,8439.904175,8439.904175,8439.904175,8439.904175,8439.904175,8439.904175,8439.904175,8439.904175,8439.904175,8439.904175,16879.80835,16879.80835,16879.80835
130,63000030011,大安區,龍坡里,7384.530403,7384.530403,7384.530403,7384.530403,7384.530403,7384.530403,7384.530403,7384.530403,7384.530403,7384.530403,7384.530403,7384.530403,7384.530403,7384.530403,14769.06081,14769.06081,14769.06081
131,63000030012,大安區,龍泉里,5623.244856,5623.244856,5623.244856,5623.244856,5623.244856,5623.244856,5623.244856,5623.244856,5623.244856,5623.244856,5623.244856,5623.244856,5623.244856,5623.244856,11246.48972,11246.48972,11246.48972
132,63000030013,大安區,古風里,4749.223592,4749.223592,4749.223592,4749.223592,4749.223592,4749.223592,4749.223592,4749.223592,4749.223592,4749.223592,4749.223592,4749.223592,4749.223592,4749.223592,9498.44718,9498.44718,9498.44718
133,63000030014,大安區,古莊里,8895.8911,8895.8911,8895.8911,8895.8911,8895.8911,8895.8911,8895.8911,8895.8911,8895.8911,8895.8911,8895.8911,8895.8911,8895.8911,8895.8911,17791.78221,17791.78221,17791.78221
134,63000030015,大安區,龍安里,10224.01089,10224.01089,10224.01089,10224.01089,10224.01089,10224.01089,10224.01089,10224.01089,10224.01089,10224.01089,10224.01089,10224.01089,10224.01089,10224.01089,20448.02178,20448.02178,20448.02178
135,63000030016,大安區,錦安里,7515.629656,7515.629656,7515.629656,7515.629656,7515.629656,7515.629656,7515.629656,7515.629656,7515.629656,7515.629656,7515.629656,7515.629656,7515.629656,7515.629656,15031.25931,15031.25931,15031.25931
136,63000030017,大安區,福住里,7237.66829,7237.66829,7237.66829,7237.66829,7237.66829,7237.66829,7237.66829,7237.66829,7237.66829,7237.66829,7237.66829,7237.66829,7237.66829,7237.66829,14475.33658,14475.33658,14475.33658
137,63000030018,大安區,永康里,4100.19065,4100.19065,4100.19065,4100.19065,4100.19065,4100.19065,4100.19065,4100.19065,4100.19065,4100.19065,4100.19065,4100.19065,4100.19065,4100.19065,8200.381299,8200.381299,8200.381299
138,63000030019,大安區,光明里,4179.55536,4179.55536,4179.55536,4179.55536,4179.55536,4179.55536,4179.55536,4179.55536,4179.55536,4179.55536,4179.55536,4179.55536,4179.55536,4179.55536,8359.110725,8359.110725,8359.110725
139,63000030020,大安區,錦泰里,4074.387298,4074.387298,4074.387298,4074.387298,4074.387298,4074.387298,4074.387298,4074.387298,4074.387298,4074.387298,4074.387298,4074.387298,4074.387298,4074.387298,8148.774599,8148.774599,8148.774599
140,63000030021,大安區,錦華里,7060.86353,7060.86353,7060.86353,7060.86353,7060.86353,7060.86353,7060.86353,7060.86353,7060.86353,7060.86353,7060.86353,7060.86353,7060.86353,7060.86353,14121.72707,14121.72707,14121.72707
141,63000030022,大安區,龍圖里,7512.879454,7512.879454,7512.879454,7512.879454,7512.879454,7512.879454,7512.879454,7512.879454,7512.879454,7512.879454,7512.879454,7512.879454,7512.879454,7512.879454,15025.75891,15025.75891,15025.75891
142,63000030023,大安區,新龍里,7701.358011,7701.358011,7701.358011,7701.358011,7701.358011,7701.358011,7701.358011,7701.358011,7701.358011,7701.358011,7701.358011,7701.358011,7701.358011,7701.358011,15402.71601,15402.71601,15402.71601
143,63000030026,大安區,龍陣里,3657.987419,3657.987419,3657.987419,3657.987419,3657.987419,3657.987419,3657.987419,3657.987419,3657.987419,3657.987419,3657.987419,3657.987419,3657.987419,3657.987419,7315.974835,7315.974835,7315.974835
144,63000030027,大安區,龍雲里,5025.122433,5025.122433,5025.122433,5025.122433,5025.122433,5025.122433,5025.122433,5025.122433,5025.122433,5025.122433,5025.122433,5025.122433,5025.122433,5025.122433,10050.24486,10050.24486,10050.24486
145,63000030028,大安區,龍生里,7883.477432,7883.477432,7883.477432,7883.477432,7883.477432,7883.477432,7883.477432,7883.477432,7883.477432,7883.477432,7883.477432,7883.477432,7883.477432,7883.477432,15766.95486,15766.95486,15766.95486
146,63000030029,大安區,住安里,5527.425069,5527.425069,5527.425069,5527.425069,5527.425069,5527.425069,5527.425069,5527.425069,5527.425069,5527.425069,5527.425069,5527.425069,5527.425069,5527.425069,11054.85014,11054.85014,11054.85014
147,63000030030,大安區,義安里,5928.647129,5928.647129,5928.647129,5928.647129,5928.647129,5928.647129,5928.647129,5928.647129,5928.647129,5928.647129,5928.647129,5928.647129,5928.647129,5928.647129,11857.29425,11857.29425,11857.29425
148,63000030031,大安區,通化里,7203.99344,7203.99344,7203.99344,7203.99344,7203.99344,7203.99344,7203.99344,7203.99344,7203.99344,7203.99344,7203.99344,7203.99344,7203.99344,7203.99344,14407.98688,14407.98688,14407.98688
149,63000030032,大安區,通安里,5877.140198,5877.140198,5877.140198,5877.140198,5877.140198,5877.140198,5877.140198,5877.140198,5877.140198,5877.140198,5877.140198,5877.140198,5877.140198,5877.140198,11754.28039,11754.28039,11754.28039
150,63000030033,大安區,臨江里,4487.659469,4487.659469,4487.659469,4487.659469,4487.659469,4487.659469,4487.659469,4487.659469,4487.659469,4487.659469,4487.659469,4487.659469,4487.659469,4487.659469,8975.318938,8975.318938,8975.318938
151,63000030034,大安區,法治里,4855.864958,4855.864958,4855.864958,4855.864958,4855.864958,4855.864958,4855.864958,4855.864958,4855.864958,4855.864958,4855.864958,4855.864958,4855.864958,4855.864958,9711.729921,9711.729921,9711.729921
152,63000030035,大安區,全安里,4559.891479,4559.891479,4559.891479,4559.891479,4559.891479,4559.891479,4559.891479,4559.891479,4559.891479,4559.891479,4559.891479,4559.891479,4559.891479,4559.891479,9119.782953,9119.782953,9119.782953
153,63000030036,大安區,群賢里,6721.605049,6721.605049,6721.605049,6721.605049,6721.605049,6721.605049,6721.605049,6721.605049,6721.605049,6721.605049,6721.605049,6721.605049,6721.605049,6721.605049,13443.2101,13443.2101,13443.2101
154,63000040002,中山區,正義里,0,0,5745.990489,5745.990489,5745.990489,5745.990489,5745.990489,5745.990489,5745.990489,5745.990489,5745.990489,5745.990489,5745.990489,5745.990489,11491.98097,11491.98097,11491.98097
155,63000040003,中山區,正得里,0,0,3866.034193,3866.034193,3866.034193,3866.034193,3866.034193,3866.034193,3866.034193,3866.034193,3866.034193,3866.034193,3866.034193,3866.034193,7732.068386,7732.068386,7732.068386
156,63000040004,中山區,民安里,0,0,4589.987707,4589.987707,4589.987707,4589.987707,4589.987707,4589.987707,4589.987707,4589.987707,4589.987707,4589.987707,4589.987707,4589.987707,9179.975414,9179.975414,9179.975414
157,63000040005,中山區,康樂里,0,0,2561.509442,2561.509442,2561.509442,2561.509442,2561.509442,2561.509442,2561.509442,2561.509442,2561.509442,2561.509442,2561.509442,2561.509442,5123.018885,5123.018885,5123.018885
158,63000040006,中山區,中山里,0,0,8254.992748,8254.992748,8254.992748,8254.992748,8254.992748,8254.992748,8254.992748,8254.992748,8254.992748,8254.992748,8254.992748,8254.992748,16509.98549,16509.98549,16509.98549
159,63000040007,中山區,聚盛里,0,0,4500.405928,4500.405928,4500.405928,4500.405928,4500.405928,4500.405928,4500.405928,4500.405928,4500.405928,4500.405928,4500.405928,4500.405928,9000.811857,9000.811857,9000.811857
160,63000040008,中山區,集英里,0,0,9276.831008,9276.831008,9276.831008,9276.831008,9276.831008,9276.831008,9276.831008,9276.831008,9276.831008,9276.831008,9276.831008,9276.831008,18553.66202,18553.66202,18553.66202
161,63000040009,中山區,聚葉里,0,0,4046.100675,4046.100675,4046.100675,4046.100675,4046.100675,4046.100675,4046.100675,4046.100675,4046.100675,4046.100675,4046.100675,4046.100675,8092.201351,8092.201351,8092.201351
162,63000040010,中山區,恆安里,0,0,5809.402643,5809.402643,5809.402643,5809.402643,5809.402643,5809.402643,5809.402643,5809.402643,5809.402643,5809.402643,5809.402643,5809.402643,11618.80529,11618.80529,11618.80529
163,63000040011,中山區,晴光里,0,0,5942.269816,5942.269816,5942.269816,5942.269816,5942.269816,5942.269816,5942.269816,5942.269816,5942.269816,5942.269816,5942.269816,5942.269816,11884.53964,11884.53964,11884.53964
164,63000040012,中山區,圓山里,0,0,4703.674477,4703.674477,4703.674477,4703.674477,4703.674477,4703.674477,4703.674477,4703.674477,4703.674477,4703.674477,4703.674477,4703.674477,9407.34895,9407.34895,9407.34895
165,63000040013,中山區,劍潭里,0,0,3909.437639,3909.437639,3909.437639,3909.437639,3909.437639,3909.437639,3909.437639,3909.437639,3909.437639,3909.437639,3909.437639,3909.437639,7818.875278,7818.875278,7818.875278
166,63000040014,中山區,大直里,0,0,11492.4085,11492.4085,11492.4085,11492.4085,11492.4085,11492.4085,11492.4085,11492.4085,11492.4085,11492.4085,11492.4085,11492.4085,22984.81701,22984.81701,22984.81701
167,63000040015,中山區,成功里,0,0,7348.957846,7348.957846,7348.957846,7348.957846,7348.957846,7348.957846,7348.957846,7348.957846,7348.957846,7348.957846,7348.957846,7348.957846,14697.9157,14697.9157,14697.9157
168,63000040016,中山區,永安里,0,0,10422.53733,10422.53733,10422.53733,10422.53733,10422.53733,10422.53733,10422.53733,10422.53733,10422.53733,10422.53733,10422.53733,10422.53733,20845.07467,20845.07467,20845.07467
169,63000040017,中山區,大佳里,0,0,898.5520008,898.5520008,898.5520008,898.5520008,898.5520008,898.5520008,898.5520008,898.5520008,898.5520008,898.5520008,898.5520008,898.5520008,1797.104002,1797.104002,1797.104002
170,63000040018,中山區,新喜里,0,0,5531.264754,5531.264754,5531.264754,5531.264754,5531.264754,5531.264754,5531.264754,5531.264754,5531.264754,5531.264754,5531.264754,5531.264754,11062.52951,11062.52951,11062.52951
171,63000040019,中山區,新庄里,0,0,5098.423968,5098.423968,5098.423968,5098.423968,5098.423968,5098.423968,5098.423968,5098.423968,5098.423968,5098.423968,5098.423968,5098.423968,10196.84794,10196.84794,10196.84794
172,63000040020,中山區,新福里,0,0,5385.227675,5385.227675,5385.227675,5385.227675,5385.227675,5385.227675,5385.227675,5385.227675,5385.227675,5385.227675,5385.227675,5385.227675,10770.45535,10770.45535,10770.45535
173,63000040021,中山區,松江里,0,0,7561.514205,7561.514205,7561.514205,7561.514205,7561.514205,7561.514205,7561.514205,7561.514205,7561.514205,7561.514205,7561.514205,7561.514205,15123.02841,15123.02841,15123.02841
174,63000040022,中山區,新生里,0,0,5041.760877,5041.760877,5041.760877,5041.760877,5041.760877,5041.760877,5041.760877,5041.760877,5041.760877,5041.760877,5041.760877,5041.760877,10083.52175,10083.52175,10083.52175
175,63000040023,中山區,中庄里,0,0,5658.690664,5658.690664,5658.690664,5658.690664,5658.690664,5658.690664,5658.690664,5658.690664,5658.690664,5658.690664,5658.690664,5658.690664,11317.38132,11317.38132,11317.38132
176,63000040024,中山區,行政里,0,0,8782.396543,8782.396543,8782.396543,8782.396543,8782.396543,8782.396543,8782.396543,8782.396543,8782.396543,8782.396543,8782.396543,8782.396543,17564.79309,17564.79309,17564.79309
177,63000040025,中山區,行仁里,0,0,8644.310229,8644.310229,8644.310229,8644.310229,8644.310229,8644.310229,8644.310229,8644.310229,8644.310229,8644.310229,8644.310229,8644.310229,17288.62046,17288.62046,17288.62046
178,63000040026,中山區,行孝里,0,0,4302.024484,4302.024484,4302.024484,4302.024484,4302.024484,4302.024484,4302.024484,4302.024484,4302.024484,4302.024484,4302.024484,4302.024484,8604.048968,8604.048968,8604.048968
179,63000040027,中山區,下埤里,0,0,8037.160828,8037.160828,8037.160828,8037.160828,8037.160828,8037.160828,8037.160828,8037.160828,8037.160828,8037.160828,8037.160828,8037.160828,16074.32166,16074.32166,16074.32166
180,63000040028,中山區,江寧里,0,0,7433.677661,7433.677661,7433.677661,7433.677661,7433.677661,7433.677661,7433.677661,7433.677661,7433.677661,7433.677661,7433.677661,7433.677661,14867.35532,14867.35532,14867.35532
181,63000040029,中山區,江山里,0,0,8393.399741,8393.399741,8393.399741,8393.399741,8393.399741,8393.399741,8393.399741,8393.399741,8393.399741,8393.399741,8393.399741,8393.399741,16786.79949,16786.79949,16786.79949
182,63000040030,中山區,中吉里,0,0,6604.00839,6604.00839,6604.00839,6604.00839,6604.00839,6604.00839,6604.00839,6604.00839,6604.00839,6604.00839,6604.00839,6604.00839,13208.01679,13208.01679,13208.01679
183,63000040031,中山區,中原里,0,0,5358.270291,5358.270291,5358.270291,5358.270291,5358.270291,5358.270291,5358.270291,5358.270291,5358.270291,5358.270291,5358.270291,5358.270291,10716.54058,10716.54058,10716.54058
184,63000040032,中山區,興亞里,0,0,6700.635993,6700.635993,6700.635993,6700.635993,6700.635993,6700.635993,6700.635993,6700.635993,6700.635993,6700.635993,6700.635993,6700.635993,13401.27199,13401.27199,13401.27199
185,63000040033,中山區,中央里,0,0,3870.171481,3870.171481,3870.171481,3870.171481,3870.171481,3870.171481,3870.171481,3870.171481,3870.171481,3870.171481,3870.171481,3870.171481,7740.342959,7740.342959,7740.342959
186,63000040034,中山區,朱馥里,0,0,6561.373875,6561.373875,6561.373875,6561.373875,6561.373875,6561.373875,6561.373875,6561.373875,6561.373875,6561.373875,6561.373875,6561.373875,13122.74775,13122.74775,13122.74775
187,63000040035,中山區,龍洲里,0,0,5250.492782,5250.492782,5250.492782,5250.492782,5250.492782,5250.492782,5250.492782,5250.492782,5250.492782,5250.492782,5250.492782,5250.492782,10500.98556,10500.98556,10500.98556
188,63000040036,中山區,朱園里,0,0,5237.935609,5237.935609,5237.935609,5237.935609,5237.935609,5237.935609,5237.935609,5237.935609,5237.935609,5237.935609,5237.935609,5237.935609,10475.87121,10475.87121,10475.87121
189,63000040037,中山區,埤頭里,0,0,3168.944581,3168.944581,3168.944581,3168.944581,3168.944581,3168.944581,3168.944581,3168.944581,3168.944581,3168.944581,3168.944581,3168.944581,6337.889162,6337.889162,6337.889162
190,63000040038,中山區,朱崙里,0,0,3098.784083,3098.784083,3098.784083,3098.784083,3098.784083,3098.784083,3098.784083,3098.784083,3098.784083,3098.784083,3098.784083,3098.784083,6197.568165,6197.568165,6197.568165
191,63000040039,中山區,力行里,0,0,7719.786432,7719.786432,7719.786432,7719.786432,7719.786432,7719.786432,7719.786432,7719.786432,7719.786432,7719.786432,7719.786432,7719.786432,15439.57286,15439.57286,15439.57286
192,63000040040,中山區,復華里,0,0,5172.170919,5172.170919,5172.170919,5172.170919,5172.170919,5172.170919,5172.170919,5172.170919,5172.170919,5172.170919,5172.170919,5172.170919,10344.34184,10344.34184,10344.34184
193,63000040041,中山區,金泰里,0,0,8636.752565,8636.752565,8636.752565,8636.752565,8636.752565,8636.752565,8636.752565,8636.752565,8636.752565,8636.752565,8636.752565,8636.752565,17273.50513,17273.50513,17273.50513
194,63000040042,中山區,北安里,0,0,2632.209612,2632.209612,2632.209612,2632.209612,2632.209612,2632.209612,2632.209612,2632.209612,2632.209612,2632.209612,2632.209612,2632.209612,5264.419223,5264.419223,5264.419223
195,63000050001,中正區,水源里,0,2977.858027,2977.858027,2977.858027,2977.858027,2977.858027,2977.858027,2977.858027,2977.858027,2977.858027,2977.858027,2977.858027,2977.858027,5955.716054,5955.716054,5955.716054,5955.716054
196,63000050002,中正區,富水里,0,2329.944809,2329.944809,2329.944809,2329.944809,2329.944809,2329.944809,2329.944809,2329.944809,2329.944809,2329.944809,2329.944809,2329.944809,4659.889618,4659.889618,4659.889618,4659.889618
197,63000050003,中正區,文盛里,0,2625.245346,2625.245346,2625.245346,2625.245346,2625.245346,2625.245346,2625.245346,2625.245346,2625.245346,2625.245346,2625.245346,2625.245346,5250.490689,5250.490689,5250.490689,5250.490689
198,63000050004,中正區,林興里,0,5421.437578,5421.437578,5421.437578,5421.437578,5421.437578,5421.437578,5421.437578,5421.437578,5421.437578,5421.437578,5421.437578,5421.437578,10842.87516,10842.87516,10842.87516,10842.87516
199,63000050005,中正區,河堤里,0,4730.230173,4730.230173,4730.230173,4730.230173,4730.230173,4730.230173,4730.230173,4730.230173,4730.230173,4730.230173,4730.230173,4730.230173,9460.460342,9460.460342,9460.460342,9460.460342
200,63000050006,中正區,頂東里,0,6590.557787,6590.557787,6590.557787,6590.557787,6590.557787,6590.557787,6590.557787,6590.557787,6590.557787,6590.557787,6590.557787,6590.557787,13181.11557,13181.11557,13181.11557,13181.11557
201,63000050007,中正區,網溪里,0,6213.011093,6213.011093,6213.011093,6213.011093,6213.011093,6213.011093,6213.011093,6213.011093,6213.011093,6213.011093,6213.011093,6213.011093,12426.02219,12426.02219,12426.02219,12426.02219
202,63000050008,中正區,板溪里,0,3443.954309,3443.954309,3443.954309,3443.954309,3443.954309,3443.954309,3443.954309,3443.954309,3443.954309,3443.954309,3443.954309,3443.954309,6887.908618,6887.908618,6887.908618,6887.908618
203,63000050009,中正區,螢圃里,0,6003.064221,6003.064221,6003.064221,6003.064221,6003.064221,6003.064221,6003.064221,6003.064221,6003.064221,6003.064221,6003.064221,6003.064221,12006.12844,12006.12844,12006.12844,12006.12844
204,63000050010,中正區,螢雪里,0,4541.283182,4541.283182,4541.283182,4541.283182,4541.283182,4541.283182,4541.283182,4541.283182,4541.283182,4541.283182,4541.283182,4541.283182,9082.566363,9082.566363,9082.566363,9082.566363
205,63000050011,中正區,永功里,0,6672.39983,6672.39983,6672.39983,6672.39983,6672.39983,6672.39983,6672.39983,6672.39983,6672.39983,6672.39983,6672.39983,6672.39983,13344.79966,13344.79966,13344.79966,13344.79966
206,63000050012,中正區,永昌里,0,5230.508254,5230.508254,5230.508254,5230.508254,5230.508254,5230.508254,5230.508254,5230.508254,5230.508254,5230.508254,5230.508254,5230.508254,10461.01651,10461.01651,10461.01651,10461.01651
207,63000050013,中正區,龍興里,0,3962.936671,3962.936671,3962.936671,3962.936671,3962.936671,3962.936671,3962.936671,3962.936671,3962.936671,3962.936671,3962.936671,3962.936671,7925.873342,7925.873342,7925.873342,7925.873342
208,63000050014,中正區,忠勤里,0,6839.705528,6839.705528,6839.705528,6839.705528,6839.705528,6839.705528,6839.705528,6839.705528,6839.705528,6839.705528,6839.705528,6839.705528,13679.41106,13679.41106,13679.41106,13679.41106
209,63000050015,中正區,廈安里,0,4961.294713,4961.294713,4961.294713,4961.294713,4961.294713,4961.294713,4961.294713,4961.294713,4961.294713,4961.294713,4961.294713,4961.294713,9922.589427,9922.589427,9922.589427,9922.589427
210,63000050016,中正區,愛國里,0,3451.018103,3451.018103,3451.018103,3451.018103,3451.018103,3451.018103,3451.018103,3451.018103,3451.018103,3451.018103,3451.018103,3451.018103,6902.036204,6902.036204,6902.036204,6902.036204
211,63000050017,中正區,南門里,0,2865.900506,2865.900506,2865.900506,2865.900506,2865.900506,2865.900506,2865.900506,2865.900506,2865.900506,2865.900506,2865.900506,2865.900506,5731.80101,5731.80101,5731.80101,5731.80101
212,63000050018,中正區,龍光里,0,3561.312385,3561.312385,3561.312385,3561.312385,3561.312385,3561.312385,3561.312385,3561.312385,3561.312385,3561.312385,3561.312385,3561.312385,7122.624767,7122.624767,7122.624767,7122.624767
213,63000050019,中正區,南福里,0,14196.69317,14196.69317,14196.69317,14196.69317,14196.69317,14196.69317,14196.69317,14196.69317,14196.69317,14196.69317,14196.69317,14196.69317,28393.38635,28393.38635,28393.38635,28393.38635
214,63000050020,中正區,龍福里,0,5733.142681,5733.142681,5733.142681,5733.142681,5733.142681,5733.142681,5733.142681,5733.142681,5733.142681,5733.142681,5733.142681,5733.142681,11466.28536,11466.28536,11466.28536,11466.28536
215,63000050021,中正區,新營里,0,10843.89125,10843.89125,10843.89125,10843.89125,10843.89125,10843.89125,10843.89125,10843.89125,10843.89125,10843.89125,10843.89125,10843.89125,21687.7825,21687.7825,21687.7825,21687.7825
216,63000050022,中正區,建國里,0,1440.186464,1440.186464,1440.186464,1440.186464,1440.186464,1440.186464,1440.186464,1440.186464,1440.186464,1440.186464,1440.186464,1440.186464,2880.372928,2880.372928,2880.372928,2880.372928
217,63000050023,中正區,光復里,0,3973.754376,3973.754376,3973.754376,3973.754376,3973.754376,3973.754376,3973.754376,3973.754376,3973.754376,3973.754376,3973.754376,3973.754376,7947.508748,7947.508748,7947.508748,7947.508748
218,63000050024,中正區,黎明里,0,3998.101385,3998.101385,3998.101385,3998.101385,3998.101385,3998.101385,3998.101385,3998.101385,3998.101385,3998.101385,3998.101385,3998.101385,7996.202774,7996.202774,7996.202774,7996.202774
219,63000050025,中正區,梅花里,0,3149.043367,3149.043367,3149.043367,3149.043367,3149.043367,3149.043367,3149.043367,3149.043367,3149.043367,3149.043367,3149.043367,3149.043367,6298.086734,6298.086734,6298.086734,6298.086734
220,63000050026,中正區,幸福里,0,6974.963243,6974.963243,6974.963243,6974.963243,6974.963243,6974.963243,6974.963243,6974.963243,6974.963243,6974.963243,6974.963243,6974.963243,13949.92649,13949.92649,13949.92649,13949.92649
221,63000050027,中正區,幸市里,0,5047.494437,5047.494437,5047.494437,5047.494437,5047.494437,5047.494437,5047.494437,5047.494437,5047.494437,5047.494437,5047.494437,5047.494437,10094.98887,10094.98887,10094.98887,10094.98887
222,63000050028,中正區,東門里,0,4066.664798,4066.664798,4066.664798,4066.664798,4066.664798,4066.664798,4066.664798,4066.664798,4066.664798,4066.664798,4066.664798,4066.664798,8133.329596,8133.329596,8133.329596,8133.329596
223,63000050029,中正區,文北里,0,6183.679632,6183.679632,6183.679632,6183.679632,6183.679632,6183.679632,6183.679632,6183.679632,6183.679632,6183.679632,6183.679632,6183.679632,12367.35926,12367.35926,12367.35926,12367.35926
224,63000050030,中正區,文祥里,0,9533.965445,9533.965445,9533.965445,9533.965445,9533.965445,9533.965445,9533.965445,9533.965445,9533.965445,9533.965445,9533.965445,9533.965445,19067.93088,19067.93088,19067.93088,19067.93088
225,63000050031,中正區,三愛里,0,10476.28332,10476.28332,10476.28332,10476.28332,10476.28332,10476.28332,10476.28332,10476.28332,10476.28332,10476.28332,10476.28332,10476.28332,20952.56663,20952.56663,20952.56663,20952.56663
226,63000060001,大同區,玉泉里,0,2895.051741,2895.051741,2895.051741,2895.051741,2895.051741,2895.051741,2895.051741,2895.051741,2895.051741,2895.051741,2895.051741,2895.051741,5790.103483,5790.103483,5790.103483,5790.103483
227,63000060002,大同區,建明里,0,3432.437267,3432.437267,3432.437267,3432.437267,3432.437267,3432.437267,3432.437267,3432.437267,3432.437267,3432.437267,3432.437267,3432.437267,6864.874535,6864.874535,6864.874535,6864.874535
228,63000060003,大同區,建功里,0,5114.818373,5114.818373,5114.818373,5114.818373,5114.818373,5114.818373,5114.818373,5114.818373,5114.818373,5114.818373,5114.818373,5114.818373,10229.63675,10229.63675,10229.63675,10229.63675
229,63000060004,大同區,建泰里,0,4104.074307,4104.074307,4104.074307,4104.074307,4104.074307,4104.074307,4104.074307,4104.074307,4104.074307,4104.074307,4104.074307,4104.074307,8208.148614,8208.148614,8208.148614,8208.148614
230,63000060005,大同區,永樂里,0,5992.849066,5992.849066,5992.849066,5992.849066,5992.849066,5992.849066,5992.849066,5992.849066,5992.849066,5992.849066,5992.849066,5992.849066,11985.69813,11985.69813,11985.69813,11985.69813
231,63000060006,大同區,朝陽里,0,4973.806957,4973.806957,4973.806957,4973.806957,4973.806957,4973.806957,4973.806957,4973.806957,4973.806957,4973.806957,4973.806957,4973.806957,9947.613914,9947.613914,9947.613914,9947.613914
232,63000060007,大同區,星明里,0,6877.672185,6877.672185,6877.672185,6877.672185,6877.672185,6877.672185,6877.672185,6877.672185,6877.672185,6877.672185,6877.672185,6877.672185,13755.34437,13755.34437,13755.34437,13755.34437
233,63000060008,大同區,光能里,0,5608.157209,5608.157209,5608.157209,5608.157209,5608.157209,5608.157209,5608.157209,5608.157209,5608.157209,5608.157209,5608.157209,5608.157209,11216.31441,11216.31441,11216.31441,11216.31441
234,63000060009,大同區,大有里,0,4948.160845,4948.160845,4948.160845,4948.160845,4948.160845,4948.160845,4948.160845,4948.160845,4948.160845,4948.160845,4948.160845,4948.160845,9896.321686,9896.321686,9896.321686,9896.321686
235,63000060010,大同區,延平里,0,4985.937234,4985.937234,4985.937234,4985.937234,4985.937234,4985.937234,4985.937234,4985.937234,4985.937234,4985.937234,4985.937234,4985.937234,9971.874473,9971.874473,9971.874473,9971.874473
236,63000060011,大同區,雙連里,0,11187.09543,11187.09543,11187.09543,11187.09543,11187.09543,11187.09543,11187.09543,11187.09543,11187.09543,11187.09543,11187.09543,11187.09543,22374.19085,22374.19085,22374.19085,22374.19085
237,63000060012,大同區,南芳里,0,4202.491649,4202.491649,4202.491649,4202.491649,4202.491649,4202.491649,4202.491649,4202.491649,4202.491649,4202.491649,4202.491649,4202.491649,8404.983303,8404.983303,8404.983303,8404.983303
238,63000060013,大同區,民權里,0,7501.404772,7501.404772,7501.404772,7501.404772,7501.404772,7501.404772,7501.404772,7501.404772,7501.404772,7501.404772,7501.404772,7501.404772,15002.80955,15002.80955,15002.80955,15002.80955
239,63000060014,大同區,景星里,0,2717.643246,2717.643246,2717.643246,2717.643246,2717.643246,2717.643246,2717.643246,2717.643246,2717.643246,2717.643246,2717.643246,2717.643246,5435.286495,5435.286495,5435.286495,5435.286495
240,63000060015,大同區,隆和里,0,3484.125843,3484.125843,3484.125843,3484.125843,3484.125843,3484.125843,3484.125843,3484.125843,3484.125843,3484.125843,3484.125843,3484.125843,6968.251686,6968.251686,6968.251686,6968.251686
241,63000060016,大同區,蓬萊里,0,5251.458823,5251.458823,5251.458823,5251.458823,5251.458823,5251.458823,5251.458823,5251.458823,5251.458823,5251.458823,5251.458823,5251.458823,10502.91765,10502.91765,10502.91765,10502.91765
242,63000060017,大同區,國順里,0,2547.687525,2547.687525,2547.687525,2547.687525,2547.687525,2547.687525,2547.687525,2547.687525,2547.687525,2547.687525,2547.687525,2547.687525,5095.375049,5095.375049,5095.375049,5095.375049
243,63000060018,大同區,國慶里,0,5084.789875,5084.789875,5084.789875,5084.789875,5084.789875,5084.789875,5084.789875,5084.789875,5084.789875,5084.789875,5084.789875,5084.789875,10169.57975,10169.57975,10169.57975,10169.57975
244,63000060019,大同區,揚雅里,0,4836.621467,4836.621467,4836.621467,4836.621467,4836.621467,4836.621467,4836.621467,4836.621467,4836.621467,4836.621467,4836.621467,4836.621467,9673.24293,9673.24293,9673.24293,9673.24293
245,63000060020,大同區,斯文里,0,5140.639645,5140.639645,5140.639645,5140.639645,5140.639645,5140.639645,5140.639645,5140.639645,5140.639645,5140.639645,5140.639645,5140.639645,10281.27929,10281.27929,10281.27929,10281.27929
246,63000060021,大同區,鄰江里,0,7278.169543,7278.169543,7278.169543,7278.169543,7278.169543,7278.169543,7278.169543,7278.169543,7278.169543,7278.169543,7278.169543,7278.169543,14556.33909,14556.33909,14556.33909,14556.33909
247,63000060022,大同區,至聖里,0,8686.663962,8686.663962,8686.663962,8686.663962,8686.663962,8686.663962,8686.663962,8686.663962,8686.663962,8686.663962,8686.663962,8686.663962,17373.32792,17373.32792,17373.32792,17373.32792
248,63000060024,大同區,老師里,0,6635.204358,6635.204358,6635.204358,6635.204358,6635.204358,6635.204358,6635.204358,6635.204358,6635.204358,6635.204358,6635.204358,6635.204358,13270.40871,13270.40871,13270.40871,13270.40871
249,63000060025,大同區,重慶里,0,7644.377722,7644.377722,7644.377722,7644.377722,7644.377722,7644.377722,7644.377722,7644.377722,7644.377722,7644.377722,7644.377722,7644.377722,15288.75544,15288.75544,15288.75544,15288.75544
250,63000060026,大同區,保安里,0,4610.38043,4610.38043,4610.38043,4610.38043,4610.38043,4610.38043,4610.38043,4610.38043,4610.38043,4610.38043,4610.38043,4610.38043,9220.760865,9220.760865,9220.760865,9220.760865
251,63000070001,萬華區,福星里,5957.373091,5957.373091,11914.74619,11914.74619,11914.74619,11914.74619,11914.74619,11914.74619,17872.11928,17872.11928,17872.11928,17872.11928,17872.11928,17872.11928,17872.11928,17872.11928,17872.11928
252,63000070002,萬華區,萬壽里,3377.022267,3377.022267,6754.044535,6754.044535,6754.044535,6754.044535,6754.044535,6754.044535,10131.06681,10131.06681,10131.06681,10131.06681,10131.06681,10131.06681,10131.06681,10131.06681,10131.06681
253,63000070003,萬華區,西門里,3927.626824,3927.626824,7855.253645,7855.253645,7855.253645,7855.253645,7855.253645,7855.253645,11782.88047,11782.88047,11782.88047,11782.88047,11782.88047,11782.88047,11782.88047,11782.88047,11782.88047
254,63000070004,萬華區,新起里,8017.583861,8017.583861,16035.16771,16035.16771,16035.16771,16035.16771,16035.16771,16035.16771,24052.75158,24052.75158,24052.75158,24052.75158,24052.75158,24052.75158,24052.75158,24052.75158,24052.75158
255,63000070005,萬華區,菜園里,6896.267044,6896.267044,13792.53409,13792.53409,13792.53409,13792.53409,13792.53409,13792.53409,20688.80113,20688.80113,20688.80113,20688.80113,20688.80113,20688.80113,20688.80113,20688.80113,20688.80113
256,63000070006,萬華區,青山里,6398.63378,6398.63378,12797.26755,12797.26755,12797.26755,12797.26755,12797.26755,12797.26755,19195.90134,19195.90134,19195.90134,19195.90134,19195.90134,19195.90134,19195.90134,19195.90134,19195.90134
257,63000070007,萬華區,富民里,5478.509705,5478.509705,10957.01941,10957.01941,10957.01941,10957.01941,10957.01941,10957.01941,16435.52911,16435.52911,16435.52911,16435.52911,16435.52911,16435.52911,16435.52911,16435.52911,16435.52911
258,63000070008,萬華區,福音里,3956.16727,3956.16727,7912.334539,7912.334539,7912.334539,7912.334539,7912.334539,7912.334539,11868.50181,11868.50181,11868.50181,11868.50181,11868.50181,11868.50181,11868.50181,11868.50181,11868.50181
259,63000070009,萬華區,仁德里,5228.030059,5228.030059,10456.06012,10456.06012,10456.06012,10456.06012,10456.06012,10456.06012,15684.09018,15684.09018,15684.09018,15684.09018,15684.09018,15684.09018,15684.09018,15684.09018,15684.09018
260,63000070010,萬華區,富福里,6655.050633,6655.050633,13310.10127,13310.10127,13310.10127,13310.10127,13310.10127,13310.10127,19965.1519,19965.1519,19965.1519,19965.1519,19965.1519,19965.1519,19965.1519,19965.1519,19965.1519
261,63000070011,萬華區,頂碩里,8026.457649,8026.457649,16052.91529,16052.91529,16052.91529,16052.91529,16052.91529,16052.91529,24079.37294,24079.37294,24079.37294,24079.37294,24079.37294,24079.37294,24079.37294,24079.37294,24079.37294
262,63000070012,萬華區,雙園里,4815.322622,4815.322622,9630.645245,9630.645245,9630.645245,9630.645245,9630.645245,9630.645245,14445.96787,14445.96787,14445.96787,14445.96787,14445.96787,14445.96787,14445.96787,14445.96787,14445.96787
263,63000070013,萬華區,新忠里,3707.426283,3707.426283,7414.852563,7414.852563,7414.852563,7414.852563,7414.852563,7414.852563,11122.27885,11122.27885,11122.27885,11122.27885,11122.27885,11122.27885,11122.27885,11122.27885,11122.27885
264,63000070014,萬華區,新和里,9226.829184,9226.829184,18453.65836,18453.65836,18453.65836,18453.65836,18453.65836,18453.65836,27680.48754,27680.48754,27680.48754,27680.48754,27680.48754,27680.48754,27680.48754,27680.48754,27680.48754
265,63000070015,萬華區,糖?里,6019.388232,6019.388232,12038.77646,12038.77646,12038.77646,12038.77646,12038.77646,12038.77646,18058.1647,18058.1647,18058.1647,18058.1647,18058.1647,18058.1647,18058.1647,18058.1647,18058.1647
266,63000070016,萬華區,和平里,7723.381102,7723.381102,15446.76221,15446.76221,15446.76221,15446.76221,15446.76221,15446.76221,23170.14331,23170.14331,23170.14331,23170.14331,23170.14331,23170.14331,23170.14331,23170.14331,23170.14331
267,63000070017,萬華區,綠堤里,4461.912602,4461.912602,8923.825203,8923.825203,8923.825203,8923.825203,8923.825203,8923.825203,13385.7378,13385.7378,13385.7378,13385.7378,13385.7378,13385.7378,13385.7378,13385.7378,13385.7378
268,63000070018,萬華區,華江里,9077.632619,9077.632619,18155.26525,18155.26525,18155.26525,18155.26525,18155.26525,18155.26525,27232.89786,27232.89786,27232.89786,27232.89786,27232.89786,27232.89786,27232.89786,27232.89786,27232.89786
269,63000070019,萬華區,柳鄉里,5375.869752,5375.869752,10751.7395,10751.7395,10751.7395,10751.7395,10751.7395,10751.7395,16127.60925,16127.60925,16127.60925,16127.60925,16127.60925,16127.60925,16127.60925,16127.60925,16127.60925
270,63000070020,萬華區,日善里,3817.399592,3817.399592,7634.799183,7634.799183,7634.799183,7634.799183,7634.799183,7634.799183,11452.19878,11452.19878,11452.19878,11452.19878,11452.19878,11452.19878,11452.19878,11452.19878,11452.19878
272,63000070022,萬華區,忠德里,4667.093233,4667.093233,9334.186466,9334.186466,9334.186466,9334.186466,9334.186466,9334.186466,14001.2797,14001.2797,14001.2797,14001.2797,14001.2797,14001.2797,14001.2797,14001.2797,14001.2797
273,63000070023,萬華區,孝德里,3374.609122,3374.609122,6749.218244,6749.218244,6749.218244,6749.218244,6749.218244,6749.218244,10123.82737,10123.82737,10123.82737,10123.82737,10123.82737,10123.82737,10123.82737,10123.82737,10123.82737
274,63000070024,萬華區,和德里,6969.931378,6969.931378,13939.86276,13939.86276,13939.86276,13939.86276,13939.86276,13939.86276,20909.79413,20909.79413,20909.79413,20909.79413,20909.79413,20909.79413,20909.79413,20909.79413,20909.79413
275,63000070025,萬華區,錦德里,5741.260259,5741.260259,11482.52051,11482.52051,11482.52051,11482.52051,11482.52051,11482.52051,17223.78077,17223.78077,17223.78077,17223.78077,17223.78077,17223.78077,17223.78077,17223.78077,17223.78077
276,63000070026,萬華區,全德里,4510.238347,4510.238347,9020.47669,9020.47669,9020.47669,9020.47669,9020.47669,9020.47669,13530.71504,13530.71504,13530.71504,13530.71504,13530.71504,13530.71504,13530.71504,13530.71504,13530.71504
277,63000070027,萬華區,保德里,3700.513858,3700.513858,7401.027716,7401.027716,7401.027716,7401.027716,7401.027716,7401.027716,11101.54157,11101.54157,11101.54157,11101.54157,11101.54157,11101.54157,11101.54157,11101.54157,11101.54157
278,63000070028,萬華區,銘德里,4840.513144,4840.513144,9681.026288,9681.026288,9681.026288,9681.026288,9681.026288,9681.026288,14521.53943,14521.53943,14521.53943,14521.53943,14521.53943,14521.53943,14521.53943,14521.53943,14521.53943
279,63000070029,萬華區,榮德里,3763.979978,3763.979978,7527.959956,7527.959956,7527.959956,7527.959956,7527.959956,7527.959956,11291.93993,11291.93993,11291.93993,11291.93993,11291.93993,11291.93993,11291.93993,11291.93993,11291.93993
280,63000070030,萬華區,壽德里,5449.357785,5449.357785,10898.71557,10898.71557,10898.71557,10898.71557,10898.71557,10898.71557,16348.07336,16348.07336,16348.07336,16348.07336,16348.07336,16348.07336,16348.07336,16348.07336,16348.07336
281,63000070031,萬華區,興德里,4517.105288,4517.105288,9034.210578,9034.210578,9034.210578,9034.210578,9034.210578,9034.210578,13551.31586,13551.31586,13551.31586,13551.31586,13551.31586,13551.31586,13551.31586,13551.31586,13551.31586
282,63000070032,萬華區,華中里,6192.788871,6192.788871,12385.57775,12385.57775,12385.57775,12385.57775,12385.57775,12385.57775,18578.36662,18578.36662,18578.36662,18578.36662,18578.36662,18578.36662,18578.36662,18578.36662,18578.36662
283,63000070033,萬華區,日祥里,6336.025843,6336.025843,12672.05169,12672.05169,12672.05169,12672.05169,12672.05169,12672.05169,19008.07753,19008.07753,19008.07753,19008.07753,19008.07753,19008.07753,19008.07753,19008.07753,19008.07753
284,63000070034,萬華區,忠貞里,5211.069754,5211.069754,10422.1395,10422.1395,10422.1395,10422.1395,10422.1395,10422.1395,15633.20926,15633.20926,15633.20926,15633.20926,15633.20926,15633.20926,15633.20926,15633.20926,15633.20926
285,63000070035,萬華區,凌霄里,3828.633113,3828.633113,7657.266223,7657.266223,7657.266223,7657.266223,7657.266223,7657.266223,11485.89934,11485.89934,11485.89934,11485.89934,11485.89934,11485.89934,11485.89934,11485.89934,11485.89934
286,63000070036,萬華區,騰雲里,2849.163638,2849.163638,5698.327276,5698.327276,5698.327276,5698.327276,5698.327276,5698.327276,8547.490912,8547.490912,8547.490912,8547.490912,8547.490912,8547.490912,8547.490912,8547.490912,8547.490912
287,63000080001,文山區,景行里,0,9094.860883,9094.860883,9094.860883,9094.860883,9094.860883,9094.860883,9094.860883,9094.860883,9094.860883,9094.860883,18189.72177,18189.72177,18189.72177,18189.72177,18189.72177,18189.72177
288,63000080002,文山區,景東里,0,8302.018357,8302.018357,8302.018357,8302.018357,8302.018357,8302.018357,8302.018357,8302.018357,8302.018357,8302.018357,16604.03671,16604.03671,16604.03671,16604.03671,16604.03671,16604.03671
289,63000080003,文山區,景美里,0,6014.416561,6014.416561,6014.416561,6014.416561,6014.416561,6014.416561,6014.416561,6014.416561,6014.416561,6014.416561,12028.83312,12028.83312,12028.83312,12028.83312,12028.83312,12028.83312
290,63000080004,文山區,景慶里,0,7578.379307,7578.379307,7578.379307,7578.379307,7578.379307,7578.379307,7578.379307,7578.379307,7578.379307,7578.379307,15156.75861,15156.75861,15156.75861,15156.75861,15156.75861,15156.75861
291,63000080005,文山區,景仁里,0,6574.488378,6574.488378,6574.488378,6574.488378,6574.488378,6574.488378,6574.488378,6574.488378,6574.488378,6574.488378,13148.97675,13148.97675,13148.97675,13148.97675,13148.97675,13148.97675
292,63000080006,文山區,景華里,0,6200.059827,6200.059827,6200.059827,6200.059827,6200.059827,6200.059827,6200.059827,6200.059827,6200.059827,6200.059827,12400.11965,12400.11965,12400.11965,12400.11965,12400.11965,12400.11965
293,63000080007,文山區,萬有里,0,6100.73518,6100.73518,6100.73518,6100.73518,6100.73518,6100.73518,6100.73518,6100.73518,6100.73518,6100.73518,12201.47036,12201.47036,12201.47036,12201.47036,12201.47036,12201.47036
294,63000080008,文山區,萬祥里,0,4825.64717,4825.64717,4825.64717,4825.64717,4825.64717,4825.64717,4825.64717,4825.64717,4825.64717,4825.64717,9651.294345,9651.294345,9651.294345,9651.294345,9651.294345,9651.294345
295,63000080009,文山區,萬隆里,0,8032.229567,8032.229567,8032.229567,8032.229567,8032.229567,8032.229567,8032.229567,8032.229567,8032.229567,8032.229567,16064.45914,16064.45914,16064.45914,16064.45914,16064.45914,16064.45914
296,63000080010,文山區,萬年里,0,5739.7872,5739.7872,5739.7872,5739.7872,5739.7872,5739.7872,5739.7872,5739.7872,5739.7872,5739.7872,11479.5744,11479.5744,11479.5744,11479.5744,11479.5744,11479.5744
297,63000080011,文山區,萬和里,0,3227.25275,3227.25275,3227.25275,3227.25275,3227.25275,3227.25275,3227.25275,3227.25275,3227.25275,3227.25275,6454.505501,6454.505501,6454.505501,6454.505501,6454.505501,6454.505501
298,63000080012,文山區,萬盛里,0,4998.418933,4998.418933,4998.418933,4998.418933,4998.418933,4998.418933,4998.418933,4998.418933,4998.418933,4998.418933,9996.837866,9996.837866,9996.837866,9996.837866,9996.837866,9996.837866
299,63000080013,文山區,興豐里,0,5194.968186,5194.968186,5194.968186,5194.968186,5194.968186,5194.968186,5194.968186,5194.968186,5194.968186,5194.968186,10389.93637,10389.93637,10389.93637,10389.93637,10389.93637,10389.93637
300,63000080014,文山區,興光里,0,3523.363926,3523.363926,3523.363926,3523.363926,3523.363926,3523.363926,3523.363926,3523.363926,3523.363926,3523.363926,7046.727851,7046.727851,7046.727851,7046.727851,7046.727851,7046.727851
301,63000080015,文山區,興家里,0,8037.300784,8037.300784,8037.300784,8037.300784,8037.300784,8037.300784,8037.300784,8037.300784,8037.300784,8037.300784,16074.60156,16074.60156,16074.60156,16074.60156,16074.60156,16074.60156
302,63000080016,文山區,興得里,0,5981.439725,5981.439725,5981.439725,5981.439725,5981.439725,5981.439725,5981.439725,5981.439725,5981.439725,5981.439725,11962.87945,11962.87945,11962.87945,11962.87945,11962.87945,11962.87945
303,63000080017,文山區,興業里,0,6066.953405,6066.953405,6066.953405,6066.953405,6066.953405,6066.953405,6066.953405,6066.953405,6066.953405,6066.953405,12133.90681,12133.90681,12133.90681,12133.90681,12133.90681,12133.90681
304,63000080018,文山區,興安里,0,7510.179115,7510.179115,7510.179115,7510.179115,7510.179115,7510.179115,7510.179115,7510.179115,7510.179115,7510.179115,15020.35822,15020.35822,15020.35822,15020.35822,15020.35822,15020.35822
305,63000080019,文山區,興福里,0,6695.630909,6695.630909,6695.630909,6695.630909,6695.630909,6695.630909,6695.630909,6695.630909,6695.630909,6695.630909,13391.26181,13391.26181,13391.26181,13391.26181,13391.26181,13391.26181
306,63000080020,文山區,興旺里,0,9143.836046,9143.836046,9143.836046,9143.836046,9143.836046,9143.836046,9143.836046,9143.836046,9143.836046,9143.836046,18287.67208,18287.67208,18287.67208,18287.67208,18287.67208,18287.67208
307,63000080021,文山區,興泰里,0,3922.030201,3922.030201,3922.030201,3922.030201,3922.030201,3922.030201,3922.030201,3922.030201,3922.030201,3922.030201,7844.060402,7844.060402,7844.060402,7844.060402,7844.060402,7844.060402
308,63000080022,文山區,興昌里,0,6731.825593,6731.825593,6731.825593,6731.825593,6731.825593,6731.825593,6731.825593,6731.825593,6731.825593,6731.825593,13463.65118,13463.65118,13463.65118,13463.65118,13463.65118,13463.65118
309,63000080023,文山區,試院里,0,7536.106578,7536.106578,7536.106578,7536.106578,7536.106578,7536.106578,7536.106578,7536.106578,7536.106578,7536.106578,15072.21316,15072.21316,15072.21316,15072.21316,15072.21316,15072.21316
310,63000080024,文山區,華興里,0,10813.60571,10813.60571,10813.60571,10813.60571,10813.60571,10813.60571,10813.60571,10813.60571,10813.60571,10813.60571,21627.21144,21627.21144,21627.21144,21627.21144,21627.21144,21627.21144
311,63000080025,文山區,明義里,0,4470.751776,4470.751776,4470.751776,4470.751776,4470.751776,4470.751776,4470.751776,4470.751776,4470.751776,4470.751776,8941.503554,8941.503554,8941.503554,8941.503554,8941.503554,8941.503554
312,63000080026,文山區,明興里,0,7514.275502,7514.275502,7514.275502,7514.275502,7514.275502,7514.275502,7514.275502,7514.275502,7514.275502,7514.275502,15028.55101,15028.55101,15028.55101,15028.55101,15028.55101,15028.55101
313,63000080027,文山區,木柵里,0,10560.51969,10560.51969,10560.51969,10560.51969,10560.51969,10560.51969,10560.51969,10560.51969,10560.51969,10560.51969,21121.03938,21121.03938,21121.03938,21121.03938,21121.03938,21121.03938
314,63000080028,文山區,木新里,0,11422.895,11422.895,11422.895,11422.895,11422.895,11422.895,11422.895,11422.895,11422.895,11422.895,22845.78999,22845.78999,22845.78999,22845.78999,22845.78999,22845.78999
315,63000080029,文山區,順興里,0,8580.617489,8580.617489,8580.617489,8580.617489,8580.617489,8580.617489,8580.617489,8580.617489,8580.617489,8580.617489,17161.23498,17161.23498,17161.23498,17161.23498,17161.23498,17161.23498
316,63000080030,文山區,樟林里,0,9084.621656,9084.621656,9084.621656,9084.621656,9084.621656,9084.621656,9084.621656,9084.621656,9084.621656,9084.621656,18169.2433,18169.2433,18169.2433,18169.2433,18169.2433,18169.2433
317,63000080031,文山區,樟新里,0,5769.689898,5769.689898,5769.689898,5769.689898,5769.689898,5769.689898,5769.689898,5769.689898,5769.689898,5769.689898,11539.37979,11539.37979,11539.37979,11539.37979,11539.37979,11539.37979
318,63000080032,文山區,樟腳里,0,5960.961331,5960.961331,5960.961331,5960.961331,5960.961331,5960.961331,5960.961331,5960.961331,5960.961331,5960.961331,11921.92267,11921.92267,11921.92267,11921.92267,11921.92267,11921.92267
319,63000080033,文山區,萬芳里,0,8587.686028,8587.686028,8587.686028,8587.686028,8587.686028,8587.686028,8587.686028,8587.686028,8587.686028,8587.686028,17175.37206,17175.37206,17175.37206,17175.37206,17175.37206,17175.37206
320,63000080034,文山區,博嘉里,0,5804.157783,5804.157783,5804.157783,5804.157783,5804.157783,5804.157783,5804.157783,5804.157783,5804.157783,5804.157783,11608.31557,11608.31557,11608.31557,11608.31557,11608.31557,11608.31557
321,63000080035,文山區,萬興里,0,8847.630424,8847.630424,8847.630424,8847.630424,8847.630424,8847.630424,8847.630424,8847.630424,8847.630424,8847.630424,17695.26086,17695.26086,17695.26086,17695.26086,17695.26086,17695.26086
322,63000080036,文山區,指南里,0,3809.249797,3809.249797,3809.249797,3809.249797,3809.249797,3809.249797,3809.249797,3809.249797,3809.249797,3809.249797,7618.499595,7618.499595,7618.499595,7618.499595,7618.499595,7618.499595
323,63000080037,文山區,老泉里,0,724.9339199,724.9339199,724.9339199,724.9339199,724.9339199,724.9339199,724.9339199,724.9339199,724.9339199,724.9339199,1449.86784,1449.86784,1449.86784,1449.86784,1449.86784,1449.86784
324,63000080038,文山區,忠順里,0,4421.683694,4421.683694,4421.683694,4421.683694,4421.683694,4421.683694,4421.683694,4421.683694,4421.683694,4421.683694,8843.367393,8843.367393,8843.367393,8843.367393,8843.367393,8843.367393
325,63000080039,文山區,萬美里,0,7491.621156,7491.621156,7491.621156,7491.621156,7491.621156,7491.621156,7491.621156,7491.621156,7491.621156,7491.621156,14983.24232,14983.24232,14983.24232,14983.24232,14983.24232,14983.24232
326,63000080040,文山區,政大里,0,7931.697375,7931.697375,7931.697375,7931.697375,7931.697375,7931.697375,7931.697375,7931.697375,7931.697375,7931.697375,15863.39475,15863.39475,15863.39475,15863.39475,15863.39475,15863.39475
327,63000080041,文山區,樟文里,0,6951.295677,6951.295677,6951.295677,6951.295677,6951.295677,6951.295677,6951.295677,6951.295677,6951.295677,6951.295677,13902.59135,13902.59135,13902.59135,13902.59135,13902.59135,13902.59135
328,63000080042,文山區,興邦里,0,5067.603059,5067.603059,5067.603059,5067.603059,5067.603059,5067.603059,5067.603059,5067.603059,5067.603059,5067.603059,10135.20612,10135.20612,10135.20612,10135.20612,10135.20612,10135.20612
329,63000080043,文山區,樟樹里,0,5035.38673,5035.38673,5035.38673,5035.38673,5035.38673,5035.38673,5035.38673,5035.38673,5035.38673,5035.38673,10070.77345,10070.77345,10070.77345,10070.77345,10070.77345,10070.77345
330,63000090001,南港區,南港里,0,7131.572927,7131.572927,7131.572927,7131.572927,7131.572927,7131.572927,7131.572927,7131.572927,7131.572927,7131.572927,7131.572927,7131.572927,7131.572927,7131.572927,7131.572927,7131.572927
331,63000090002,南港區,中南里,0,3557.042614,3557.042614,3557.042614,3557.042614,3557.042614,3557.042614,3557.042614,3557.042614,3557.042614,3557.042614,3557.042614,3557.042614,3557.042614,3557.042614,3557.042614,3557.042614
332,63000090003,南港區,新富里,0,4144.101014,4144.101014,4144.101014,4144.101014,4144.101014,4144.101014,4144.101014,4144.101014,4144.101014,4144.101014,4144.101014,4144.101014,4144.101014,4144.101014,4144.101014,4144.101014
333,63000090004,南港區,三重里,0,8471.469509,8471.469509,8471.469509,8471.469509,8471.469509,8471.469509,8471.469509,8471.469509,8471.469509,8471.469509,8471.469509,8471.469509,8471.469509,8471.469509,8471.469509,8471.469509
334,63000090005,南港區,東新里,0,8225.933997,8225.933997,8225.933997,8225.933997,8225.933997,8225.933997,8225.933997,8225.933997,8225.933997,8225.933997,8225.933997,8225.933997,8225.933997,8225.933997,8225.933997,8225.933997
335,63000090006,南港區,新光里,0,3369.879113,3369.879113,3369.879113,3369.879113,3369.879113,3369.879113,3369.879113,3369.879113,3369.879113,3369.879113,3369.879113,3369.879113,3369.879113,3369.879113,3369.879113,3369.879113
336,63000090007,南港區,東明里,0,6119.485798,6119.485798,6119.485798,6119.485798,6119.485798,6119.485798,6119.485798,6119.485798,6119.485798,6119.485798,6119.485798,6119.485798,6119.485798,6119.485798,6119.485798,6119.485798
337,63000090008,南港區,西新里,0,4812.984035,4812.984035,4812.984035,4812.984035,4812.984035,4812.984035,4812.984035,4812.984035,4812.984035,4812.984035,4812.984035,4812.984035,4812.984035,4812.984035,4812.984035,4812.984035
338,63000090009,南港區,玉成里,0,4759.265892,4759.265892,4759.265892,4759.265892,4759.265892,4759.265892,4759.265892,4759.265892,4759.265892,4759.265892,4759.265892,4759.265892,4759.265892,4759.265892,4759.265892,4759.265892
339,63000090010,南港區,合成里,0,6980.464823,6980.464823,6980.464823,6980.464823,6980.464823,6980.464823,6980.464823,6980.464823,6980.464823,6980.464823,6980.464823,6980.464823,6980.464823,6980.464823,6980.464823,6980.464823
340,63000090011,南港區,成福里,0,8674.084397,8674.084397,8674.084397,8674.084397,8674.084397,8674.084397,8674.084397,8674.084397,8674.084397,8674.084397,8674.084397,8674.084397,8674.084397,8674.084397,8674.084397,8674.084397
341,63000090012,南港區,萬福里,0,4432.374977,4432.374977,4432.374977,4432.374977,4432.374977,4432.374977,4432.374977,4432.374977,4432.374977,4432.374977,4432.374977,4432.374977,4432.374977,4432.374977,4432.374977,4432.374977
342,63000090013,南港區,鴻福里,0,4911.465055,4911.465055,4911.465055,4911.465055,4911.465055,4911.465055,4911.465055,4911.465055,4911.465055,4911.465055,4911.465055,4911.465055,4911.465055,4911.465055,4911.465055,4911.465055
343,63000090014,南港區,百福里,0,5406.315534,5406.315534,5406.315534,5406.315534,5406.315534,5406.315534,5406.315534,5406.315534,5406.315534,5406.315534,5406.315534,5406.315534,5406.315534,5406.315534,5406.315534,5406.315534
344,63000090015,南港區,聯成里,0,5391.706208,5391.706208,5391.706208,5391.706208,5391.706208,5391.706208,5391.706208,5391.706208,5391.706208,5391.706208,5391.706208,5391.706208,5391.706208,5391.706208,5391.706208,5391.706208
345,63000090016,南港區,舊莊里,0,9150.4019,9150.4019,9150.4019,9150.4019,9150.4019,9150.4019,9150.4019,9150.4019,9150.4019,9150.4019,9150.4019,9150.4019,9150.4019,9150.4019,9150.4019,9150.4019
346,63000090017,南港區,中研里,0,10924.81069,10924.81069,10924.81069,10924.81069,10924.81069,10924.81069,10924.81069,10924.81069,10924.81069,10924.81069,10924.81069,10924.81069,10924.81069,10924.81069,10924.81069,10924.81069
347,63000090018,南港區,九如里,0,6903.728917,6903.728917,6903.728917,6903.728917,6903.728917,6903.728917,6903.728917,6903.728917,6903.728917,6903.728917,6903.728917,6903.728917,6903.728917,6903.728917,6903.728917,6903.728917
348,63000090019,南港區,仁福里,0,5629.955191,5629.955191,5629.955191,5629.955191,5629.955191,5629.955191,5629.955191,5629.955191,5629.955191,5629.955191,5629.955191,5629.955191,5629.955191,5629.955191,5629.955191,5629.955191
349,63000090020,南港區,重陽里,0,5391.315065,5391.315065,5391.315065,5391.315065,5391.315065,5391.315065,5391.315065,5391.315065,5391.315065,5391.315065,5391.315065,5391.315065,5391.315065,5391.315065,5391.315065,5391.315065
350,63000100001,內湖區,西湖里,0,7545.903819,7545.903819,7545.903819,7545.903819,7545.903819,7545.903819,7545.903819,7545.903819,7545.903819,7545.903819,7545.903819,7545.903819,7545.903819,7545.903819,7545.903819,7545.903819
351,63000100002,內湖區,西康里,0,10457.69854,10457.69854,10457.69854,10457.69854,10457.69854,10457.69854,10457.69854,10457.69854,10457.69854,10457.69854,10457.69854,10457.69854,10457.69854,10457.69854,10457.69854,10457.69854
352,63000100003,內湖區,西安里,0,6738.307739,6738.307739,6738.307739,6738.307739,6738.307739,6738.307739,6738.307739,6738.307739,6738.307739,6738.307739,6738.307739,6738.307739,6738.307739,6738.307739,6738.307739,6738.307739
353,63000100005,內湖區,港墘里,0,6771.836058,6771.836058,6771.836058,6771.836058,6771.836058,6771.836058,6771.836058,6771.836058,6771.836058,6771.836058,6771.836058,6771.836058,6771.836058,6771.836058,6771.836058,6771.836058
354,63000100006,內湖區,港都里,0,6247.011005,6247.011005,6247.011005,6247.011005,6247.011005,6247.011005,6247.011005,6247.011005,6247.011005,6247.011005,6247.011005,6247.011005,6247.011005,6247.011005,6247.011005,6247.011005
355,63000100007,內湖區,港富里,0,10415.67329,10415.67329,10415.67329,10415.67329,10415.67329,10415.67329,10415.67329,10415.67329,10415.67329,10415.67329,10415.67329,10415.67329,10415.67329,10415.67329,10415.67329,10415.67329
356,63000100008,內湖區,港華里,0,10586.85814,10586.85814,10586.85814,10586.85814,10586.85814,10586.85814,10586.85814,10586.85814,10586.85814,10586.85814,10586.85814,10586.85814,10586.85814,10586.85814,10586.85814,10586.85814
357,63000100009,內湖區,內湖里,0,7179.601544,7179.601544,7179.601544,7179.601544,7179.601544,7179.601544,7179.601544,7179.601544,7179.601544,7179.601544,7179.601544,7179.601544,7179.601544,7179.601544,7179.601544,7179.601544
358,63000100010,內湖區,湖濱里,0,9184.81046,9184.81046,9184.81046,9184.81046,9184.81046,9184.81046,9184.81046,9184.81046,9184.81046,9184.81046,9184.81046,9184.81046,9184.81046,9184.81046,9184.81046,9184.81046
359,63000100011,內湖區,紫星里,0,8640.324051,8640.324051,8640.324051,8640.324051,8640.324051,8640.324051,8640.324051,8640.324051,8640.324051,8640.324051,8640.324051,8640.324051,8640.324051,8640.324051,8640.324051,8640.324051
360,63000100012,內湖區,大湖里,0,5415.612647,5415.612647,5415.612647,5415.612647,5415.612647,5415.612647,5415.612647,5415.612647,5415.612647,5415.612647,5415.612647,5415.612647,5415.612647,5415.612647,5415.612647,5415.612647
361,63000100013,內湖區,金龍里,0,5510.006024,5510.006024,5510.006024,5510.006024,5510.006024,5510.006024,5510.006024,5510.006024,5510.006024,5510.006024,5510.006024,5510.006024,5510.006024,5510.006024,5510.006024,5510.006024
362,63000100014,內湖區,金瑞里,0,7491.93779,7491.93779,7491.93779,7491.93779,7491.93779,7491.93779,7491.93779,7491.93779,7491.93779,7491.93779,7491.93779,7491.93779,7491.93779,7491.93779,7491.93779,7491.93779
363,63000100015,內湖區,碧山里,0,8203.206032,8203.206032,8203.206032,8203.206032,8203.206032,8203.206032,8203.206032,8203.206032,8203.206032,8203.206032,8203.206032,8203.206032,8203.206032,8203.206032,8203.206032,8203.206032
364,63000100016,內湖區,紫雲里,0,5993.228709,5993.228709,5993.228709,5993.228709,5993.228709,5993.228709,5993.228709,5993.228709,5993.228709,5993.228709,5993.228709,5993.228709,5993.228709,5993.228709,5993.228709,5993.228709
365,63000100017,內湖區,清白里,0,9305.729516,9305.729516,9305.729516,9305.729516,9305.729516,9305.729516,9305.729516,9305.729516,9305.729516,9305.729516,9305.729516,9305.729516,9305.729516,9305.729516,9305.729516,9305.729516
366,63000100018,內湖區,葫洲里,0,8416.720485,8416.720485,8416.720485,8416.720485,8416.720485,8416.720485,8416.720485,8416.720485,8416.720485,8416.720485,8416.720485,8416.720485,8416.720485,8416.720485,8416.720485,8416.720485
367,63000100019,內湖區,紫陽里,0,8776.585178,8776.585178,8776.585178,8776.585178,8776.585178,8776.585178,8776.585178,8776.585178,8776.585178,8776.585178,8776.585178,8776.585178,8776.585178,8776.585178,8776.585178,8776.585178
368,63000100020,內湖區,瑞陽里,0,8191.455759,8191.455759,8191.455759,8191.455759,8191.455759,8191.455759,8191.455759,8191.455759,8191.455759,8191.455759,8191.455759,8191.455759,8191.455759,8191.455759,8191.455759,8191.455759
369,63000100021,內湖區,瑞光里,0,4590.641407,4590.641407,4590.641407,4590.641407,4590.641407,4590.641407,4590.641407,4590.641407,4590.641407,4590.641407,4590.641407,4590.641407,4590.641407,4590.641407,4590.641407,4590.641407
370,63000100022,內湖區,五分里,0,12671.08249,12671.08249,12671.08249,12671.08249,12671.08249,12671.08249,12671.08249,12671.08249,12671.08249,12671.08249,12671.08249,12671.08249,12671.08249,12671.08249,12671.08249,12671.08249
371,63000100023,內湖區,東湖里,0,9122.111226,9122.111226,9122.111226,9122.111226,9122.111226,9122.111226,9122.111226,9122.111226,9122.111226,9122.111226,9122.111226,9122.111226,9122.111226,9122.111226,9122.111226,9122.111226
372,63000100024,內湖區,樂康里,0,9540.500281,9540.500281,9540.500281,9540.500281,9540.500281,9540.500281,9540.500281,9540.500281,9540.500281,9540.500281,9540.500281,9540.500281,9540.500281,9540.500281,9540.500281,9540.500281
373,63000100025,內湖區,內溝里,0,4368.283333,4368.283333,4368.283333,4368.283333,4368.283333,4368.283333,4368.283333,4368.283333,4368.283333,4368.283333,4368.283333,4368.283333,4368.283333,4368.283333,4368.283333,4368.283333
374,63000100026,內湖區,週美里,0,9525.484785,9525.484785,9525.484785,9525.484785,9525.484785,9525.484785,9525.484785,9525.484785,9525.484785,9525.484785,9525.484785,9525.484785,9525.484785,9525.484785,9525.484785,9525.484785
375,63000100027,內湖區,行善里,0,7375.202328,7375.202328,7375.202328,7375.202328,7375.202328,7375.202328,7375.202328,7375.202328,7375.202328,7375.202328,7375.202328,7375.202328,7375.202328,7375.202328,7375.202328,7375.202328
376,63000100028,內湖區,石潭里,0,3628.621221,3628.621221,3628.621221,3628.621221,3628.621221,3628.621221,3628.621221,3628.621221,3628.621221,3628.621221,3628.621221,3628.621221,3628.621221,3628.621221,3628.621221,3628.621221
377,63000100029,內湖區,湖興里,0,9119.233087,9119.233087,9119.233087,9119.233087,9119.233087,9119.233087,9119.233087,9119.233087,9119.233087,9119.233087,9119.233087,9119.233087,9119.233087,9119.233087,9119.233087,9119.233087
378,63000100030,內湖區,湖元里,0,5293.136498,5293.136498,5293.136498,5293.136498,5293.136498,5293.136498,5293.136498,5293.136498,5293.136498,5293.136498,5293.136498,5293.136498,5293.136498,5293.136498,5293.136498,5293.136498
379,63000100031,內湖區,安湖里,0,9008.529942,9008.529942,9008.529942,9008.529942,9008.529942,9008.529942,9008.529942,9008.529942,9008.529942,9008.529942,9008.529942,9008.529942,9008.529942,9008.529942,9008.529942,9008.529942
380,63000100032,內湖區,秀湖里,0,6281.669146,6281.669146,6281.669146,6281.669146,6281.669146,6281.669146,6281.669146,6281.669146,6281.669146,6281.669146,6281.669146,6281.669146,6281.669146,6281.669146,6281.669146,6281.669146
381,63000100033,內湖區,安泰里,0,5260.925343,5260.925343,5260.925343,5260.925343,5260.925343,5260.925343,5260.925343,5260.925343,5260.925343,5260.925343,5260.925343,5260.925343,5260.925343,5260.925343,5260.925343,5260.925343
382,63000100034,內湖區,金湖里,0,10625.97489,10625.97489,10625.97489,10625.97489,10625.97489,10625.97489,10625.97489,10625.97489,10625.97489,10625.97489,10625.97489,10625.97489,10625.97489,10625.97489,10625.97489,10625.97489
383,63000100035,內湖區,康寧里,0,9805.738334,9805.738334,9805.738334,9805.738334,9805.738334,9805.738334,9805.738334,9805.738334,9805.738334,9805.738334,9805.738334,9805.738334,9805.738334,9805.738334,9805.738334,9805.738334
384,63000100036,內湖區,明湖里,0,6002.421592,6002.421592,6002.421592,6002.421592,6002.421592,6002.421592,6002.421592,6002.421592,6002.421592,6002.421592,6002.421592,6002.421592,6002.421592,6002.421592,6002.421592,6002.421592
385,63000100037,內湖區,蘆洲里,0,1103.844822,1103.844822,1103.844822,1103.844822,1103.844822,1103.844822,1103.844822,1103.844822,1103.844822,1103.844822,1103.844822,1103.844822,1103.844822,1103.844822,1103.844822,1103.844822
386,63000100038,內湖區,麗山里,0,6442.190556,6442.190556,6442.190556,6442.190556,6442.190556,6442.190556,6442.190556,6442.190556,6442.190556,6442.190556,6442.190556,6442.190556,6442.190556,6442.190556,6442.190556,6442.190556
387,63000100039,內湖區,寶湖里,0,10490.82046,10490.82046,10490.82046,10490.82046,10490.82046,10490.82046,10490.82046,10490.82046,10490.82046,10490.82046,10490.82046,10490.82046,10490.82046,10490.82046,10490.82046,10490.82046
388,63000100040,內湖區,南湖里,0,6078.536833,6078.536833,6078.536833,6078.536833,6078.536833,6078.536833,6078.536833,6078.536833,6078.536833,6078.536833,6078.536833,6078.536833,6078.536833,6078.536833,6078.536833,6078.536833
389,63000110001,士林區,仁勇里,0,0,4076.280269,4076.280269,4076.280269,4076.280269,4076.280269,4076.280269,4076.280269,4076.280269,4076.280269,4076.280269,4076.280269,4076.280269,8152.560538,8152.560538,8152.560538
390,63000110002,士林區,義信里,0,0,3305.850801,3305.850801,3305.850801,3305.850801,3305.850801,3305.850801,3305.850801,3305.850801,3305.850801,3305.850801,3305.850801,3305.850801,6611.701603,6611.701603,6611.701603
391,63000110003,士林區,福林里,0,0,2938.629224,2938.629224,2938.629224,2938.629224,2938.629224,2938.629224,2938.629224,2938.629224,2938.629224,2938.629224,2938.629224,2938.629224,5877.258448,5877.258448,5877.258448
392,63000110004,士林區,福德里,0,0,6023.875794,6023.875794,6023.875794,6023.875794,6023.875794,6023.875794,6023.875794,6023.875794,6023.875794,6023.875794,6023.875794,6023.875794,12047.75159,12047.75159,12047.75159
393,63000110005,士林區,福志里,0,0,8424.226414,8424.226414,8424.226414,8424.226414,8424.226414,8424.226414,8424.226414,8424.226414,8424.226414,8424.226414,8424.226414,8424.226414,16848.45283,16848.45283,16848.45283
394,63000110006,士林區,舊佳里,0,0,7403.890172,7403.890172,7403.890172,7403.890172,7403.890172,7403.890172,7403.890172,7403.890172,7403.890172,7403.890172,7403.890172,7403.890172,14807.78035,14807.78035,14807.78035
395,63000110007,士林區,福佳里,0,0,8294.978642,8294.978642,8294.978642,8294.978642,8294.978642,8294.978642,8294.978642,8294.978642,8294.978642,8294.978642,8294.978642,8294.978642,16589.95728,16589.95728,16589.95728
396,63000110008,士林區,後港里,0,0,8591.66318,8591.66318,8591.66318,8591.66318,8591.66318,8591.66318,8591.66318,8591.66318,8591.66318,8591.66318,8591.66318,8591.66318,17183.32635,17183.32635,17183.32635
397,63000110009,士林區,福中里,0,0,7469.620411,7469.620411,7469.620411,7469.620411,7469.620411,7469.620411,7469.620411,7469.620411,7469.620411,7469.620411,7469.620411,7469.620411,14939.24082,14939.24082,14939.24082
398,63000110010,士林區,前港里,0,0,4618.235532,4618.235532,4618.235532,4618.235532,4618.235532,4618.235532,4618.235532,4618.235532,4618.235532,4618.235532,4618.235532,4618.235532,9236.471068,9236.471068,9236.471068
399,63000110011,士林區,百齡里,0,0,7585.72239,7585.72239,7585.72239,7585.72239,7585.72239,7585.72239,7585.72239,7585.72239,7585.72239,7585.72239,7585.72239,7585.72239,15171.44479,15171.44479,15171.44479
400,63000110012,士林區,承德里,0,0,6228.714076,6228.714076,6228.714076,6228.714076,6228.714076,6228.714076,6228.714076,6228.714076,6228.714076,6228.714076,6228.714076,6228.714076,12457.42815,12457.42815,12457.42815
401,63000110013,士林區,福華里,0,0,6805.760775,6805.760775,6805.760775,6805.760775,6805.760775,6805.760775,6805.760775,6805.760775,6805.760775,6805.760775,6805.760775,6805.760775,13611.52154,13611.52154,13611.52154
402,63000110014,士林區,明勝里,0,0,5111.72522,5111.72522,5111.72522,5111.72522,5111.72522,5111.72522,5111.72522,5111.72522,5111.72522,5111.72522,5111.72522,5111.72522,10223.45044,10223.45044,10223.45044
403,63000110015,士林區,福順里,0,0,5857.393885,5857.393885,5857.393885,5857.393885,5857.393885,5857.393885,5857.393885,5857.393885,5857.393885,5857.393885,5857.393885,5857.393885,11714.78777,11714.78777,11714.78777
404,63000110016,士林區,富光里,0,0,6182.523476,6182.523476,6182.523476,6182.523476,6182.523476,6182.523476,6182.523476,6182.523476,6182.523476,6182.523476,6182.523476,6182.523476,12365.04695,12365.04695,12365.04695
405,63000110017,士林區,葫蘆里,0,0,8338.962059,8338.962059,8338.962059,8338.962059,8338.962059,8338.962059,8338.962059,8338.962059,8338.962059,8338.962059,8338.962059,8338.962059,16677.92411,16677.92411,16677.92411
406,63000110018,士林區,葫東里,0,0,4152.777711,4152.777711,4152.777711,4152.777711,4152.777711,4152.777711,4152.777711,4152.777711,4152.777711,4152.777711,4152.777711,4152.777711,8305.555421,8305.555421,8305.555421
407,63000110019,士林區,社子里,0,0,7009.303492,7009.303492,7009.303492,7009.303492,7009.303492,7009.303492,7009.303492,7009.303492,7009.303492,7009.303492,7009.303492,7009.303492,14018.60698,14018.60698,14018.60698
408,63000110020,士林區,社新里,0,0,10429.01525,10429.01525,10429.01525,10429.01525,10429.01525,10429.01525,10429.01525,10429.01525,10429.01525,10429.01525,10429.01525,10429.01525,20858.03052,20858.03052,20858.03052
409,63000110021,士林區,社園里,0,0,8635.311857,8635.311857,8635.311857,8635.311857,8635.311857,8635.311857,8635.311857,8635.311857,8635.311857,8635.311857,8635.311857,8635.311857,17270.62371,17270.62371,17270.62371
410,63000110022,士林區,永倫里,0,0,7301.513702,7301.513702,7301.513702,7301.513702,7301.513702,7301.513702,7301.513702,7301.513702,7301.513702,7301.513702,7301.513702,7301.513702,14603.0274,14603.0274,14603.0274
411,63000110023,士林區,福安里,0,0,4806.491766,4806.491766,4806.491766,4806.491766,4806.491766,4806.491766,4806.491766,4806.491766,4806.491766,4806.491766,4806.491766,4806.491766,9612.983531,9612.983531,9612.983531
412,63000110024,士林區,富洲里,0,0,6105.975465,6105.975465,6105.975465,6105.975465,6105.975465,6105.975465,6105.975465,6105.975465,6105.975465,6105.975465,6105.975465,6105.975465,12211.95093,12211.95093,12211.95093
413,63000110025,士林區,岩山里,0,0,3211.021101,3211.021101,3211.021101,3211.021101,3211.021101,3211.021101,3211.021101,3211.021101,3211.021101,3211.021101,3211.021101,3211.021101,6422.042202,6422.042202,6422.042202
414,63000110026,士林區,名山里,0,0,8095.952841,8095.952841,8095.952841,8095.952841,8095.952841,8095.952841,8095.952841,8095.952841,8095.952841,8095.952841,8095.952841,8095.952841,16191.90568,16191.90568,16191.90568
415,63000110027,士林區,德行里,0,0,4594.668631,4594.668631,4594.668631,4594.668631,4594.668631,4594.668631,4594.668631,4594.668631,4594.668631,4594.668631,4594.668631,4594.668631,9189.337266,9189.337266,9189.337266
416,63000110028,士林區,德華里,0,0,6352.456896,6352.456896,6352.456896,6352.456896,6352.456896,6352.456896,6352.456896,6352.456896,6352.456896,6352.456896,6352.456896,6352.456896,12704.91379,12704.91379,12704.91379
417,63000110029,士林區,聖山里,0,0,5546.83218,5546.83218,5546.83218,5546.83218,5546.83218,5546.83218,5546.83218,5546.83218,5546.83218,5546.83218,5546.83218,5546.83218,11093.66436,11093.66436,11093.66436
418,63000110030,士林區,忠誠里,0,0,6096.215317,6096.215317,6096.215317,6096.215317,6096.215317,6096.215317,6096.215317,6096.215317,6096.215317,6096.215317,6096.215317,6096.215317,12192.43063,12192.43063,12192.43063
419,63000110031,士林區,芝山里,0,0,7932.718592,7932.718592,7932.718592,7932.718592,7932.718592,7932.718592,7932.718592,7932.718592,7932.718592,7932.718592,7932.718592,7932.718592,15865.43718,15865.43718,15865.43718
420,63000110032,士林區,東山里,0,0,5681.813071,5681.813071,5681.813071,5681.813071,5681.813071,5681.813071,5681.813071,5681.813071,5681.813071,5681.813071,5681.813071,5681.813071,11363.62614,11363.62614,11363.62614
421,63000110033,士林區,三玉里,0,0,5863.152661,5863.152661,5863.152661,5863.152661,5863.152661,5863.152661,5863.152661,5863.152661,5863.152661,5863.152661,5863.152661,5863.152661,11726.30532,11726.30532,11726.30532
422,63000120009,北投區,永和里,10414.48543,10414.48543,10414.48543,10414.48543,10414.48543,10414.48543,10414.48543,10414.48543,10414.48543,10414.48543,10414.48543,10414.48543,10414.48543,10414.48543,10414.48543,10414.48543,20828.97086
423,63000120010,北投區,永欣里,9134.788882,9134.788882,9134.788882,9134.788882,9134.788882,9134.788882,9134.788882,9134.788882,9134.788882,9134.788882,9134.788882,9134.788882,9134.788882,9134.788882,9134.788882,9134.788882,18269.57775
424,63000120011,北投區,永明里,5334.310564,5334.310564,5334.310564,5334.310564,5334.310564,5334.310564,5334.310564,5334.310564,5334.310564,5334.310564,5334.310564,5334.310564,5334.310564,5334.310564,5334.310564,5334.310564,10668.62113
425,63000120012,北投區,東華里,4613.86491,4613.86491,4613.86491,4613.86491,4613.86491,4613.86491,4613.86491,4613.86491,4613.86491,4613.86491,4613.86491,4613.86491,4613.86491,4613.86491,4613.86491,4613.86491,9227.729821
426,63000120013,北投區,吉利里,7831.327512,7831.327512,7831.327512,7831.327512,7831.327512,7831.327512,7831.327512,7831.327512,7831.327512,7831.327512,7831.327512,7831.327512,7831.327512,7831.327512,7831.327512,7831.327512,15662.65502
427,63000120014,北投區,吉慶里,5645.499505,5645.499505,5645.499505,5645.499505,5645.499505,5645.499505,5645.499505,5645.499505,5645.499505,5645.499505,5645.499505,5645.499505,5645.499505,5645.499505,5645.499505,5645.499505,11290.99901
428,63000120015,北投區,尊賢里,5301.540884,5301.540884,5301.540884,5301.540884,5301.540884,5301.540884,5301.540884,5301.540884,5301.540884,5301.540884,5301.540884,5301.540884,5301.540884,5301.540884,5301.540884,5301.540884,10603.08177
429,63000120016,北投區,立賢里,5893.273378,5893.273378,5893.273378,5893.273378,5893.273378,5893.273378,5893.273378,5893.273378,5893.273378,5893.273378,5893.273378,5893.273378,5893.273378,5893.273378,5893.273378,5893.273378,11786.54676
430,63000120017,北投區,立農里,11827.64905,11827.64905,11827.64905,11827.64905,11827.64905,11827.64905,11827.64905,11827.64905,11827.64905,11827.64905,11827.64905,11827.64905,11827.64905,11827.64905,11827.64905,11827.64905,23655.29811
431,63000120018,北投區,八仙里,5329.251046,5329.251046,5329.251046,5329.251046,5329.251046,5329.251046,5329.251046,5329.251046,5329.251046,5329.251046,5329.251046,5329.251046,5329.251046,5329.251046,5329.251046,5329.251046,10658.50209
432,63000120019,北投區,洲美里,2190.976745,2190.976745,2190.976745,2190.976745,2190.976745,2190.976745,2190.976745,2190.976745,2190.976745,2190.976745,2190.976745,2190.976745,2190.976745,2190.976745,2190.976745,2190.976745,4381.953491
433,63000120020,北投區,奇岩里,13401.27258,13401.27258,13401.27258,13401.27258,13401.27258,13401.27258,13401.27258,13401.27258,13401.27258,13401.27258,13401.27258,13401.27258,13401.27258,13401.27258,13401.27258,13401.27258,26802.54517
434,63000120021,北投區,清江里,11575.70185,11575.70185,11575.70185,11575.70185,11575.70185,11575.70185,11575.70185,11575.70185,11575.70185,11575.70185,11575.70185,11575.70185,11575.70185,11575.70185,11575.70185,11575.70185,23151.40369
435,63000120022,北投區,中央里,9637.997888,9637.997888,9637.997888,9637.997888,9637.997888,9637.997888,9637.997888,9637.997888,9637.997888,9637.997888,9637.997888,9637.997888,9637.997888,9637.997888,9637.997888,9637.997888,19275.99578
436,63000120023,北投區,長安里,7161.383659,7161.383659,7161.383659,7161.383659,7161.383659,7161.383659,7161.383659,7161.383659,7161.383659,7161.383659,7161.383659,7161.383659,7161.383659,7161.383659,7161.383659,7161.383659,14322.76731
437,63000120024,北投區,大同里,5874.150256,5874.150256,5874.150256,5874.150256,5874.150256,5874.150256,5874.150256,5874.150256,5874.150256,5874.150256,5874.150256,5874.150256,5874.150256,5874.150256,5874.150256,5874.150256,11748.30051
438,63000120025,北投區,溫泉里,7568.568171,7568.568171,7568.568171,7568.568171,7568.568171,7568.568171,7568.568171,7568.568171,7568.568171,7568.568171,7568.568171,7568.568171,7568.568171,7568.568171,7568.568171,7568.568171,15137.13635
439,63000120026,北投區,林泉里,3429.378107,3429.378107,3429.378107,3429.378107,3429.378107,3429.378107,3429.378107,3429.378107,3429.378107,3429.378107,3429.378107,3429.378107,3429.378107,3429.378107,3429.378107,3429.378107,6858.756214
440,63000120027,北投區,中心里,7140.425425,7140.425425,7140.425425,7140.425425,7140.425425,7140.425425,7140.425425,7140.425425,7140.425425,7140.425425,7140.425425,7140.425425,7140.425425,7140.425425,7140.425425,7140.425425,14280.85086
441,63000120028,北投區,中庸里,4518.417137,4518.417137,4518.417137,4518.417137,4518.417137,4518.417137,4518.417137,4518.417137,4518.417137,4518.417137,4518.417137,4518.417137,4518.417137,4518.417137,4518.417137,4518.417137,9036.834274
442,63000120029,北投區,開明里,7163.053373,7163.053373,7163.053373,7163.053373,7163.053373,7163.053373,7163.053373,7163.053373,7163.053373,7163.053373,7163.053373,7163.053373,7163.053373,7163.053373,7163.053373,7163.053373,14326.10675
443,63000120030,北投區,中和里,5213.524533,5213.524533,5213.524533,5213.524533,5213.524533,5213.524533,5213.524533,5213.524533,5213.524533,5213.524533,5213.524533,5213.524533,5213.524533,5213.524533,5213.524533,5213.524533,10427.04907
444,63000120031,北投區,智仁里,6790.598563,6790.598563,6790.598563,6790.598563,6790.598563,6790.598563,6790.598563,6790.598563,6790.598563,6790.598563,6790.598563,6790.598563,6790.598563,6790.598563,6790.598563,6790.598563,13581.19713
445,63000120032,北投區,秀山里,3412.407058,3412.407058,3412.407058,3412.407058,3412.407058,3412.407058,3412.407058,3412.407058,3412.407058,3412.407058,3412.407058,3412.407058,3412.407058,3412.407058,3412.407058,3412.407058,6824.814115
446,63000120033,北投區,文化里,4048.074225,4048.074225,4048.074225,4048.074225,4048.074225,4048.074225,4048.074225,4048.074225,4048.074225,4048.074225,4048.074225,4048.074225,4048.074225,4048.074225,4048.074225,4048.074225,8096.148448
447,63000120034,北投區,豐年里,4449.194715,4449.194715,4449.194715,4449.194715,4449.194715,4449.194715,4449.194715,4449.194715,4449.194715,4449.194715,4449.194715,4449.194715,4449.194715,4449.194715,4449.194715,4449.194715,8898.389429
448,63000120035,北投區,稻香里,5239.633386,5239.633386,5239.633386,5239.633386,5239.633386,5239.633386,5239.633386,5239.633386,5239.633386,5239.633386,5239.633386,5239.633386,5239.633386,5239.633386,5239.633386,5239.633386,10479.26677
449,63000120036,北投區,桃源里,6015.326957,6015.326957,6015.326957,6015.326957,6015.326957,6015.326957,6015.326957,6015.326957,6015.326957,6015.326957,6015.326957,6015.326957,6015.326957,6015.326957,6015.326957,6015.326957,12030.65392
450,63000120037,北投區,一德里,8334.852759,8334.852759,8334.852759,8334.852759,8334.852759,8334.852759,8334.852759,8334.852759,8334.852759,8334.852759,8334.852759,8334.852759,8334.852759,8334.852759,8334.852759,8334.852759,16669.70551
451,63000120038,北投區,關渡里,13062.40767,13062.40767,13062.40767,13062.40767,13062.40767,13062.40767,13062.40767,13062.40767,13062.40767,13062.40767,13062.40767,13062.40767,13062.40767,13062.40767,13062.40767,13062.40767,26124.81534
452,63000120039,北投區,泉源里,2268.667938,2268.667938,2268.667938,2268.667938,2268.667938,2268.667938,2268.667938,2268.667938,2268.667938,2268.667938,2268.667938,2268.667938,2268.667938,2268.667938,2268.667938,2268.667938,4537.335876
453,63000120040,北投區,湖山里,1353.103619,1353.103619,1353.103619,1353.103619,1353.103619,1353.103619,1353.103619,1353.103619,1353.103619,1353.103619,1353.103619,1353.103619,1353.103619,1353.103619,1353.103619,1353.103619,2706.207239
454,63000120041,北投區,大屯里,1095.330649,1095.330649,1095.330649,1095.330649,1095.330649,1095.330649,1095.330649,1095.330649,1095.330649,1095.330649,1095.330649,1095.330649,1095.330649,1095.330649,1095.330649,1095.330649,2190.661299
455,63000120042,北投區,湖田里,612.0053793,612.0053793,612.0053793,612.0053793,612.0053793,612.0053793,612.0053793,612.0053793,612.0053793,612.0053793,612.0053793,612.0053793,612.0053793,612.0053793,612.0053793,612.0053793,1224.010759